SampleID,#chrom1,start1,end1,chrom2,start2,end2,somaticity1,somaticity2,svtype,eventScore,eventSize,eventInversion,evidence1,clonalityRatio1,evidence2,clonalityRatio2,source1,source2,gene1,cancerGene1,nearestCodingGeneUpstream1,nearestCodingGeneUpstreamDistance1,nearestCancerGeneUpstream1,nearestCancerGeneUpstreamDistance1,nearestCodingGeneDownstream1,nearestCodingGeneDownstreamDistance1,nearestCancerGeneDownstream1,nearestCancerGeneDownstreamDistance1,gene2,cancerGene2,nearestCodingGeneUpstream2,nearestCodingGeneUpstreamDistance2,nearestCancerGeneUpstream2,nearestCancerGeneUpstreamDistance2,nearestCodingGeneDownstream2,nearestCodingGeneDownstreamDistance2,nearestCancerGeneDownstream2,nearestCancerGeneDownstreamDistance2,dbSUPERenhancer1,dbSUPERenhancer2,rescuedEnhancerHitCandidate,TADindices,affectedCodingGenesTADestimate,affectedCancerGenesTADestimate,directFusionCandidates,directFusionCandidatesBothCancer,indirectFusionCandidatesLeftCancerRightAny,indirectFusionCandidatesRightCancerLeftAny,indirectFusionCandidatesAny
ICGC_GBM56,2,85286159,85286160,2,85286199,85286200,GERMLINE(5/3261):0.227,GERMLINE(6/3261):0.256,DUP,5,40,NORMAL,15,0.357,15,0.405,2:85286200|(7_8_0/0),|2:85286160(8_7_0/0),KCMF1_9,.,TRABD2A,-152028,CTNNA2,-4410255,TCF7L1,74374,TCF7L1,74374,KCMF1_9,.,TRABD2A,-152068,CTNNA2,-4410295,TCF7L1,74334,TCF7L1,74334,.,.,FALSE,349,RETSAT_TCF7L1_KCMF1_TGOLN2_ELMOD3,TCF7L1,.,.,~CTNNA2/~TCF7L1-KCMF1,KCMF1-~CTNNA2/~TCF7L1,.
ICGC_GBM56,14,39306664,39306665,14,39306832,39306833,SOMATIC(8/3261),GERMLINE(2/3261):0.190,DEL,3,168,NORMAL,4,0.235,6,0.353,|14:39306833(4_0_0/0),_,LINC00639_6,.,CLEC14A,-581091,FOXA1,-1237420,SEC23A,194459,PNN,337723,LINC00639_6,.,CLEC14A,-581259,FOXA1,-1237588,SEC23A,194291,PNN,337555,.,.,FALSE,2333,TTC6_SEC23A_GEMIN2_TRAPPC6B_FOXA1_SSTR1_CLEC14A,FOXA1,.,.,~FOXA1/~PNN-LINC00639,LINC00639-~FOXA1/~PNN,.
ICGC_GBM56,17,9820386,9820387,17,9820416,9820417,GERMLINE(0/3261):0.292,GERMLINE(4/3261):0.200,DUP,5,30,NORMAL,10,0.294,9,0.290,17:9820417|(5_5_0/0),|17:9820387(6_3_0/0),GAS7_23,GAS7,RCVRN,-11449,NTN1,-673070,AC000003.2,228445,MYH4,526221,GAS7_23,GAS7,RCVRN,-11479,NTN1,-673100,AC000003.2,228415,MYH4,526191,SE_08145,SE_08145,FALSE,2595,RCVRN_RP11-477N12.3_DHRS7C_GAS7_USP43_AC000003.2_MYH13_GLP2R,GAS7,.,.,.,.,.
ICGC_GBM2,9,35854345,35854346,9,35854415,35854416,GERMLINE(6/3261):0.633,GERMLINE(7/3261):0.327,DUP,5,70,NORMAL,15,0.273,17,0.274,9:35854416|(10_5_0/0),|9:35854346(6_11_0/0),TMEM8B_16,.,FAM221B,-25602,CREB3,-117345,OR13J1,15030,HRCT1,51844,TMEM8B_16,.,FAM221B,-25672,CREB3,-117415,OR13J1,14960,HRCT1,51774,.,.,FALSE,1678_1679,ARHGEF39_DCTN3_FAM214B_IL11RA_FAM205A_FLJ00273_GBA2_CCL19_FAM221B_RECK_RPP25L_NPR2_UNC13B_MELK_GALT_TESK1_KIAA1045_TMEM8B_VCP_FANCG_AL160274.1_RUSC2_RNF38_PIGO_ARID3C_SPAG8_GNE_CCL21_CREB3_CCDC107_GLIPR2_TPM2_CCIN_CA9_CLTA_DNAJB5_CD72_CNTFR_MSMP_CCL27_SIGMAR1_RGP1_SIT1_RP11-195F19.5_HINT2_HRCT1_STOML2_TLN1_C9orf131_OR13J1_OR2S2_FAM166B,CCL21_CNTFR_FAM214B_VCP_CREB3_FANCG_IL11RA_GLIPR2_TLN1_HRCT1_CCL19_RECK_CD72,.,.,~CREB3/~HRCT1-TMEM8B,TMEM8B-~CREB3/~HRCT1,.
ICGC_GBM2,11,12552100,12552101,11,12552129,12552130,GERMLINE(2/3261):0.611,GERMLINE(2/3261):0.634,DUP,5,29,NORMAL,8,0.190,11,0.239,11:12552130|(3_5_0/0),|11:12552101(8_3_0/0),PARVA_17,.,MICALCL,-171410,CSNK2A3,-1177197,TEAD1,143869,TEAD1,143869,PARVA_17,.,MICALCL,-171439,CSNK2A3,-1177226,TEAD1,143840,TEAD1,143840,SE_39107,SE_39107,TRUE,1933,TEAD1_MICAL2_PARVA_MICALCL,TEAD1,.,.,~CSNK2A3/~TEAD1-PARVA,PARVA-~CSNK2A3/~TEAD1,.
ICGC_GBM13,4,120114377,120114378,4,120114401,120114402,SOMATIC(3/3261),GERMLINE(6/3261):0.339,DEL,5,24,NORMAL,9,0.375,13,0.371,|4:120114402(6_3_0/0),4:120114378|(4_9_0/0),RP11-455G16.1_5,.,MYOZ2,-5434,SEC24D,-354540,USP53,19365,MAD2L1,862386,RP11-455G16.1_5,.,MYOZ2,-5458,SEC24D,-354564,USP53,19341,MAD2L1,862362,.,.,FALSE,864,FABP2_MYOZ2_METTL14_C4orf3_RP11-455G16.1_PDE5A_SYNPO2_USP53_SEC24D,SEC24D_METTL14,.,.,~SEC24D/~MAD2L1-RP11-455G16.1,RP11-455G16.1-~SEC24D/~MAD2L1,.
ICGC_GBM13,15,63617612,63617613,15,63617642,63617643,GERMLINE(4/3261):0.405,GERMLINE(4/3261):0.367,DEL,5,30,NORMAL,13,0.295,9,0.196,|15:63617643(6_7_0/0),15:63617613|(5_4_0/0),CA12_13,.,APH1B,-16288,APH1B,-16288,USP3,179181,USP3,179181,CA12_13,.,APH1B,-16318,APH1B,-16318,USP3,179151,USP3,179151,.,.,FALSE,2462,HERC1_APH1B_RPS27L_FBXL22_RAB8B_USP3_CA12_LACTB,APH1B_HERC1_USP3,.,.,~APH1B/~USP3-CA12,CA12-~APH1B/~USP3,.
ICGC_GBM58,1,157093119,157093120,1,157093151,157093152,GERMLINE(2/3261):0.306,GERMLINE(2/3261):0.170,DEL,5,32,NORMAL,15,0.263,15,0.234,|1:157093152(8_7_0/0),1:157093120|(9_6_0/0),ETV3_5,.,ETV3L,-23520,ARHGEF11,-77958,FCRL5,390048,FCRL4,450420,ETV3_5,.,ETV3L,-23552,ARHGEF11,-77990,FCRL5,390016,FCRL4,450388,.,.,FALSE,158,OR10T2_KIRREL_OR6N2_ARHGEF11_ETV3_FCRL3_PEAR1_ISG20L2_OR6Y1_CADM3_OR10R2_CD1D_PYHIN1_CD1C_MRPL24_FCRL2_PRCC_CRABP2_OR6P1_FCRL5_HDGF_BCAN_SH2D2A_OR6N1_LRRC71_RRNAD1_DARC_NES_FCRL4_CD1B_OR10K1_AIM2_NTRK1_HAPLN2_CD1E_OR10Z1_FCRL1_CD5L_GPATCH4_OR10K2_IFI16_OR10X1_CD1A_INSRR_OR6K3_SPTA1_APOA1BP_ETV3L_OR6K2_OR6K6_MNDA,HDGF_PEAR1_SH2D2A_INSRR_SPTA1_FCRL4_CD1B_ARHGEF11_PRCC_NTRK1_MNDA_FCRL1,.,.,~ARHGEF11/~FCRL4-ETV3,ETV3-~ARHGEF11/~FCRL4,.
ICGC_GBM58,4,3443753,3443754,4,3443783,3443784,GERMLINE(2/3261):0.167,GERMLINE(7/3261):0.240,DUP,5,30,NORMAL,18,0.225,19,0.345,4:3443784|(12_6_0/0),|4:3443754(15_4_0/0),HGFAC_1,HGFAC,RGS12,-2114,RGS12,-2114,DOK7,21280,OTOP1,746777,HGFAC_1,HGFAC,RGS12,-2144,RGS12,-2144,DOK7,21250,OTOP1,746747,.,.,FALSE,736,RGS12_LRPAP1_LINC00955_GRK4_AL590235.1_HGFAC_MSANTD1_DOK7_HTT,RGS12_HGFAC_HTT,.,.,.,.,.
ICGC_GBM58,7,131174486,131174487,7,131174517,131174518,GERMLINE(4/3261):0.381,GERMLINE(4/3261):0.200,DEL,5,31,NORMAL,11,0.289,12,0.255,|7:131174518(5_6_0/0),7:131174487|(8_4_0/0),MKLN1_23,.,KLF14,-755599,MIR29B1,-576418,PODXL,10535,PODXL,10535,MKLN1_23,.,KLF14,-755630,MIR29B1,-576449,PODXL,10504,PODXL,10504,.,.,FALSE,1465,MKLN1_PODXL,PODXL_MIR29B1,.,.,~MIR29B1/~PODXL-MKLN1,MKLN1-~MIR29B1/~PODXL,.
ICGC_GBM58,10,72083722,72083723,10,72083749,72083750,GERMLINE(8/3261):0.237,GERMLINE(6/3261):0.246,DEL,5,27,NORMAL,7,0.132,8,0.129,|10:72083750(3_4_0/0),10:72083723|(7_1_0/0),LRRC20_5,.,NPFFR1,-40291,TYSND1,-177291,EIF4EBP2,80413,NODAL,108349,LRRC20_5,.,NPFFR1,-40318,TYSND1,-177318,EIF4EBP2,80386,NODAL,108322,SE_48422,SE_48422,TRUE,1849,LRRC20_H2AFY2_PPA1_TYSND1_ADAMTS14_NPFFR1_TBATA_SGPL1_PRF1_AIFM2_EIF4EBP2_PALD1_SAR1A_AC022532.1_NODAL,PRF1_TYSND1_NODAL,.,.,~TYSND1/~NODAL-LRRC20,LRRC20-~TYSND1/~NODAL,.
ICGC_GBM54,1,92444348,92444349,1,92445312,92445313,GERMLINE(4/3261):0.400,GERMLINE(1/3261):0.523,DEL,5,964,NORMAL,30,0.938,40,0.606,|1:92445313(4_6_20/20),1:92444349|(11_4_25/26),BRDT_intron12,BRDT,TGFBR3,-72457,CDC7,-453028,EPHX4,51191,GFI1,495971,BRDT_12,BRDT,TGFBR3,-73421,CDC7,-453992,EPHX4,50227,GFI1,495007,.,.,FALSE,106_107,RPAP2_TGFBR3_FAM69A_EVI5_EPHX4_KIAA1107_HFM1_CDC7_BRDT_C1orf146_GFI1_BTBD8_RPL5_GLMN,RPL5_GFI1_CDC7_BRDT,BRDT_intron12-BRDT_12,.,.,.,.
ICGC_GBM54,7,128470660,128470661,7,128470683,128470684,GERMLINE(4/3261):0.158,GERMLINE(4/3261):0.145,DUP,5,23,NORMAL,11,0.175,5,0.082,7:128470684|(9_2_0/0),|7:128470661(3_2_0/0),FLNC_1,FLNC,CCDC136,-8475,LEP,-572980,ATP6V1F,32220,ATP6V1F,32220,FLNC_1,FLNC,CCDC136,-8498,LEP,-573003,ATP6V1F,32197,ATP6V1F,32197,SE_56209_SE_51120_SE_37677_SE_49421_SE_54809_SE_49597_SE_29706_SE_40844_SE_48425_SE_40414_SE_02824,SE_29706_SE_40414_SE_56209_SE_48425_SE_02824_SE_40844_SE_37677_SE_54809_SE_51120_SE_49597_SE_49421,FALSE,1461,TNPO3_METTL2B_OPN1SW_FAM71F1_ATP6V1F_CCDC136_PRRT4_CALU_IRF5_FLNC_FAM71F2_TSPAN33_HILPDA_IMPDH1,ATP6V1F_FLNC_IRF5,.,.,.,.,.
ICGC_GBM98,1,67454101,67454102,1,67454156,67454157,GERMLINE(6/3261):0.211,GERMLINE(6/3261):0.175,DUP,5,55,NORMAL,8,0.167,8,0.178,1:67454157|(5_3_0/0),|1:67454102(4_4_0/0),MIER1_18,.,WDR78,-63532,LEPR,-1346860,SLC35D1,10914,IL23R,177982,MIER1_18,.,WDR78,-63587,LEPR,-1346915,SLC35D1,10859,IL23R,177927,.,.,FALSE,75,SERBP1_MIER1_WDR78_SGIP1_TCTEX1D1_SLC35D1_INSL5_IL12RB2_C1orf141_IL23R,IL12RB2_IL23R,.,.,~LEPR/~IL23R-MIER1,MIER1-~LEPR/~IL23R,.
ICGC_GBM98,4,2937775,2937776,4,2937787,2937788,GERMLINE(2/3261):0.429,GERMLINE(3/3261):0.536,DEL,5,12,NORMAL,10,0.345,6,0.222,|4:2937788(8_2_0/0),4:2937776|(4_2_0/0),NOP14-AS1_1,.,MFSD10,-1190,POLN,-693928,NOP14,1885,HTT,138633,NOP14-AS1_1,.,MFSD10,-1202,POLN,-693940,NOP14,1873,HTT,138621,SE_32148_SE_65144_SE_24260_SE_19829_SE_41795_SE_25106,SE_41795_SE_24260_SE_25106_SE_19829_SE_65144_SE_32148,TRUE,735,UVSSA_WHSC1_MFSD10_TMEM129_MYL5_ZNF141_RP11-503N18.3_FGFR3_C4orf48_FAM53A_PIGG_HTT_PCGF3_RNF212_TMEM175_TACC3_DGKQ_MFSD7_NAT8L_CTBP1_CRIPAK_ZFYVE28_SH3BP2_CPLX1_POLN_MXD4_SLC26A1_NOP14_GAK_GRK4_SLBP_RNF4_FGFRL1_SPON2_IDUA_HAUS3_ADD1_MAEA_LETM1_ATP5I_ZNF595_NKX1-1_ZNF732_NELFA_ZNF721_PDE6B_FAM193A_TNIP2,HTT_WHSC1_LETM1_ZNF595_DGKQ_CTBP1_FGFR3_CRIPAK_POLN_PCGF3,.,.,~POLN/~HTT-NOP14-AS1,NOP14-AS1-~POLN/~HTT,.
ICGC_GBM98,6,46820412,46820413,6,46820460,46820461,GERMLINE(7/3261):0.161,GERMLINE(0/3261):0.182,DUP,5,48,NORMAL,15,0.300,8,0.163,6:46820461|(8_7_0/0),|6:46820413(4_4_0/0),GPR116_26,.,MEP1A,-12898,MEP1A,-12898,GPR110,145028,TFAP2D,3861129,GPR116_26,.,MEP1A,-12946,MEP1A,-12946,GPR110,144980,TFAP2D,3861081,.,.,FALSE,1192,TNFRSF21_GPR116_CD2AP_MEP1A_TDRD6_SLC25A27_ANKRD66_GPR110_PLA2G7,MEP1A,.,.,~MEP1A/-GPR116,GPR116-~MEP1A/,.
ICGC_GBM98,16,9089632,9089633,16,9204794,9204795,GERMLINE(2/3261):0.500,GERMLINE(2/3261):0.431,DUP,5,115162,NORMAL,25,0.481,28,0.491,16:9204795|(3_1_21/24),|16:9089633(5_3_20/23),.,.,USP7,-31262,USP7,-31262,C16orf72,95873,GRIN2A,762744,RP11-473I1.10_1,.,USP7,-146424,USP7,-146424,RP11-297M9.1,555948,GRIN2A,647582,.,SE_43005_SE_23533_SE_46548_SE_53042_SE_09964,FALSE,2511_2512_2513_2514,DEXI_PRM1_USP7_TMEM186_CTD-3088G3.8_TMEM114_GRIN2A_RBFOX1_ABAT_CIITA_PRM2_RP11-297M9.1_PMM2_ATF7IP2_EMP2_TVP23A_PRM3_TEKT5_SOCS1_RMI2_TNP2_METTL22_NUBP1_CARHSP1_C16orf72_CLEC16A,USP7_SOCS1_RMI2_GRIN2A_CIITA_TNP2,(TRUNC)-RP11-473I1.10,.,~USP7/~GRIN2A-RP11-473I1.10,~USP7/~C16orf72-~USP7/~GRIN2A,~USP7/~C16orf72-RP11-473I1.10
ICGC_GBM98,X,77575941,77575942,X,77575987,77575988,GERMLINE(8/3261):1.000,GERMLINE(8/3261):1.000,DEL,5,46,NORMAL,4,1.000,12,1.000,|X:77575988(3_1_0/0),X:77575942|(9_3_0/0),CYSLTR1_2,.,TAF9B,-180739,TAF9B,-180739,ZCCHC5,335625,LPAR4,427265,CYSLTR1_2,.,TAF9B,-180785,TAF9B,-180785,ZCCHC5,335579,LPAR4,427219,.,.,FALSE,3015,TAF9B_LPAR4_P2RY10_PGK1_CYSLTR1_GPR174_ZCCHC5_ITM2A,TAF9B_LPAR4_GPR174,.,.,~TAF9B/~LPAR4-CYSLTR1,CYSLTR1-~TAF9B/~LPAR4,.
ICGC_GBM6,1,190463151,190463152,1,190463195,190463196,GERMLINE(3/3261):0.257,GERMLINE(4/3261):0.304,DUP,5,44,NORMAL,9,0.138,11,0.196,1:190463196|(5_4_0/0),|1:190463152(6_5_0/0),RP11-161I10.1_2,.,BRINP3,-16393,BRINP3,-16393,RGS18,1664436,UCHL5,2518229,RP11-161I10.1_2,.,BRINP3,-16437,BRINP3,-16437,RGS18,1664392,UCHL5,2518185,.,.,FALSE,195_196,BRINP3_RGS18_RGS21,BRINP3,.,.,~BRINP3/-RP11-161I10.1,RP11-161I10.1-~BRINP3/,.
ICGC_GBM6,2,48034047,48034048,2,48034067,48034068,GERMLINE(6/3261):0.345,GERMLINE(6/3261):0.185,DUP,5,20,NORMAL,10,0.196,12,0.218,2:48034068|(5_5_0/0),|2:48034048(11_1_0/0),MSH6_18_FBXO11_27,FBXO11_MSH6,AC138655.1,-232050,MSH2,-244598,FOXN2,507729,GTF2A1L,810890,MSH6_18_FBXO11_27,MSH6_FBXO11,AC138655.1,-232070,MSH2,-244618,FOXN2,507709,GTF2A1L,810870,.,.,FALSE,308_309,PPP1R21_MSH2_LHCGR_FOXN2_FBXO11_EPCAM_GTF2A1L_STON1_KCNK12_MSH6_STON1-GTF2A1L_AC138655.1,FBXO11_MSH6_MSH2_GTF2A1L,.,.,FBXO11_MSH6-MSH6_18_FBXO11,MSH6_18_FBXO11-MSH6_FBXO11,.
ICGC_GBM6,3,108895505,108895506,3,108895576,108895577,GERMLINE(3/3261):0.264,GERMLINE(6/3261):0.161,DUP,5,71,NORMAL,8,0.163,9,0.184,3:108895577|(3_5_0/0),|3:108895506(7_2_0/0),RP11-59E19.4_1,.,MORC1,-58517,DZIP3,-481813,DPPA2,117130,BTLA,3287310,RP11-59E19.4_1,.,MORC1,-58588,DZIP3,-481884,DPPA2,117059,BTLA,3287239,.,.,FALSE,638_639,RETNLB_DPPA4_GUCA1C_MORC1_DPPA2_DZIP3_TRAT1,DZIP3,.,.,~DZIP3/-RP11-59E19.4,RP11-59E19.4-~DZIP3/,.
ICGC_GBM6,7,106211396,106211397,7,106211419,106211420,GERMLINE(6/3261):0.298,GERMLINE(7/3261):0.224,DUP,5,23,NORMAL,17,0.333,10,0.200,7:106211420|(15_2_0/0),|7:106211397(6_4_0/0),CTB-30L5.1_3,.,NAMPT,-284625,CDHR3,-534520,CCDC71L,85815,PIK3CG,294327,CTB-30L5.1_3,.,NAMPT,-284648,CDHR3,-534543,CCDC71L,85792,PIK3CG,294304,SE_39907,SE_39907,FALSE,1438,CCDC71L_NAMPT_SYPL1,.,.,.,~CDHR3/~PIK3CG-CTB-30L5.1,CTB-30L5.1-~CDHR3/~PIK3CG,.
ICGC_GBM6,8,16989461,16989462,8,16989488,16989489,GERMLINE(3/3261):0.234,GERMLINE(7/3261):0.269,DEL,5,27,NORMAL,8,0.205,9,0.214,|8:16989489(6_2_0/0),8:16989462|(3_6_0/0),RP11-468H14.2_1,.,MICU3,-9309,FGF20,-129772,ZDHHC2,24077,PDGFRL,444481,RP11-468H14.2_1,.,MICU3,-9336,FGF20,-129799,ZDHHC2,24050,PDGFRL,444454,.,.,FALSE,1510,MICU3_FGF20_CNOT7_VPS37A_MTMR7_ZDHHC2,FGF20,.,.,~FGF20/~PDGFRL-RP11-468H14.2,RP11-468H14.2-~FGF20/~PDGFRL,.
ICGC_GBM60,15,59146831,59146832,15,59146853,59146854,GERMLINE(2/3261):0.438,GERMLINE(2/3261):0.267,DEL,5,22,NORMAL,7,0.219,9,0.173,|15:59146854(3_4_0/0),15:59146832|(7_2_0/0),FAM63B_10,.,ADAM10,-104655,ADAM10,-104655,RNF111,10543,CCNB2,250446,FAM63B_10,.,ADAM10,-104677,ADAM10,-104677,RNF111,10521,CCNB2,250424,.,.,FALSE,2454,RNF111_LIPC_ADAM10_SLTM_ALDH1A2_FAM63B_AQP9,ADAM10,.,.,~ADAM10/~CCNB2-FAM63B,FAM63B-~ADAM10/~CCNB2,.
ICGC_GBM60,16,15131738,15131739,16,15131766,15131767,GERMLINE(6/3261):0.250,GERMLINE(7/3261):0.295,DUP,5,28,NORMAL,9,0.225,11,0.275,16:15131767|(7_2_0/0),|16:15131739(7_4_0/0),NTAN1_11,PDXDC1,NPIPA1,-85824,PLA2G10,-343213,RRN3,22141,KIAA0430,556505,NTAN1_11,PDXDC1,NPIPA1,-85852,PLA2G10,-343241,RRN3,22113,KIAA0430,556477,.,.,FALSE,2518,RRN3_NOMO1_NTAN1_NPIPA2_MPV17L_C16orf45_NPIPA5_RP11-1021N1.1_NPIPA3_NPIPA1_PDXDC1,PDXDC1,.,.,PDXDC1-NTAN1,NTAN1-PDXDC1,.
ICGC_GBM23,10,116189601,116189602,10,116193185,116193186,GERMLINE(1/3261):0.646,GERMLINE(1/3261):0.695,DEL,5,3584,NORMAL,8,0.320,10,0.385,|10:116193186(2_1_5/6),10:116189602|(2_2_6/6),.,.,AFAP1L2,-25087,DCLRE1A,-575460,ABLIM1,1271,ABLIM1,1271,ABLIM1_30,ABLIM1,AFAP1L2,-28671,DCLRE1A,-579044,FAM160B1,388318,PNLIPRP3,1994194,.,.,FALSE,1897,AFAP1L2_ABLIM1_ATRNL1_FAM160B1_TDRD1_TRUB1_VWA2,ABLIM1,(TRUNC)-ABLIM1,(TRUNC)-ABLIM1,~DCLRE1A/~ABLIM1-ABLIM1,~AFAP1L2/~ABLIM1-ABLIM1,~AFAP1L2/~ABLIM1-ABLIM1
ICGC_GBM1,16,25248530,25248531,16,25248546,25248547,GERMLINE(7/3261):0.127,GERMLINE(7/3261):0.140,DUP,5,16,NORMAL,4,0.074,11,0.169,16:25248547|(3_1_0/0),|16:25248531(9_2_0/0),ZKSCAN2_7,.,AQP8,-8270,RBBP6,-664347,HS3ST4,454817,KDM8,1966277,ZKSCAN2_7,.,AQP8,-8286,RBBP6,-664363,HS3ST4,454801,KDM8,1966261,.,.,FALSE,2531_2532,RBBP6_TNRC6A_SLC5A11_ARHGAP17_LCMT1_ZKSCAN2_AQP8_HS3ST4,RBBP6,.,.,~RBBP6/~KDM8-ZKSCAN2,ZKSCAN2-~RBBP6/~KDM8,.
ICGC_GBM1,17,42936770,42936771,17,42936799,42936800,GERMLINE(8/3261):0.286,GERMLINE(9/3261):0.080,DUP,5,29,NORMAL,10,0.286,9,0.290,17:42936800|(9_1_0/0),|17:42936771(8_1_0/0),EFTUD2_22,EFTUD2,HIGD1B,-8923,FZD2,-299864,CCDC103,39740,GFAP,45606,EFTUD2_22,EFTUD2,HIGD1B,-8952,FZD2,-299893,CCDC103,39711,GFAP,45577,.,.,FALSE,2632,PLCD3_UBTF_RUNDC3A_GJC1_CCDC103_LSM12_HDAC5_AC003102.1_HEXIM1_HIGD1B_FAM187A_EFTUD2_CCDC43_C17orf104_ITGA2B_FAM171A2_ASB16_FZD2_AC003043.1_GRN_HEXIM2_PYY_GFAP_SLC4A1_TMUB2_GPATCH8_NMT1_DCAKD_ADAM11_ATXN7L3_DBF4B_NAGS_G6PC3_SLC25A39_ACBD4_KIF18B_C17orf53_TMEM101_C1QL1,ATXN7L3_EFTUD2_GFAP_ITGA2B_G6PC3_FZD2_HDAC5,.,.,.,.,.
ICGC_GBM46,6,2786198,2786199,6,2786227,2786228,GERMLINE(8/3261):0.352,GERMLINE(7/3261):0.234,DUP,5,29,NORMAL,15,0.263,12,0.211,6:2786228|(10_5_0/0),|6:2786199(10_2_0/0),WRNIP1_7,.,MYLK4,-34999,FOXQ1,-1471207,SERPINB1,46368,RIPK1,278027,WRNIP1_7,.,MYLK4,-35028,FOXQ1,-1471236,SERPINB1,46339,RIPK1,277998,SE_13330_SE_28996_SE_28080_SE_13101_SE_49883_SE_14198_SE_08652,SE_08652_SE_49883_SE_14198_SE_13330_SE_13101_SE_28080_SE_28996,FALSE,1138,MYLK4_NQO2_IRF4_SERPINB9_FOXQ1_HUS1B_GMDS_FOXC1_DUSP22_SERPINB1_EXOC2_SERPINB6_WRNIP1_FOXF2_C6orf195_AL033381.1,HUS1B_IRF4_EXOC2_FOXQ1,.,.,~FOXQ1/~RIPK1-WRNIP1,WRNIP1-~FOXQ1/~RIPK1,.
ICGC_GBM46,19,3546348,3546349,19,3546368,3546369,SOMATIC(4/3261),GERMLINE(3/3261):0.214,DEL,5,20,NORMAL,8,0.182,5,0.096,|19:3546369(5_3_0/0),19:3546349|(3_2_0/0),MFSD12_12,.,C19orf71,-2321,FZR1,-8021,HMG20B,26427,HMG20B,26427,MFSD12_12,.,C19orf71,-2341,FZR1,-8041,HMG20B,26407,HMG20B,26407,SE_34690_SE_34560,SE_34690_SE_34560,TRUE,2753,C19orf71_FZR1_CACTIN_CELF5_PIP5K1C_C19orf77_GIPC3_DOHH_HMG20B_MFSD12_NFIC_TBXA2R,PIP5K1C_FZR1_HMG20B,.,.,~FZR1/~HMG20B-MFSD12,MFSD12-~FZR1/~HMG20B,.
ICGC_GBM46,20,46130697,46130698,20,46130713,46130714,SOMATIC(0/3261),GERMLINE(2/3261):0.125,DEL,5,16,NORMAL,13,0.250,15,0.242,|20:46130714(10_3_0/0),20:46130698|(3_12_0/0),NCOA3_1,NCOA3,ZMYND8,-145131,ZMYND8,-145131,SULF2,154395,ARFGEF2,1407730,NCOA3_1,NCOA3,ZMYND8,-145147,ZMYND8,-145147,SULF2,154379,ARFGEF2,1407714,SE_43391_SE_59709_SE_60400_SE_58317_SE_58975_SE_62944_SE_10904_SE_32514,SE_32514_SE_58317_SE_62944_SE_43391_SE_10904_SE_59709_SE_58975_SE_60400,FALSE,2859,EYA2_AL031666.2_ZMYND8_NCOA3_SULF2,EYA2_ZMYND8_NCOA3,.,.,.,.,.
ICGC_GBM26,2,177502533,177502534,2,177502560,177502561,GERMLINE(9/3261):0.333,GERMLINE(8/3261):0.189,DUP,5,27,NORMAL,17,0.243,16,0.203,2:177502561|(11_6_0/0),|2:177502534(10_6_0/0),AC017048.3_1_AC017048.4_1,.,MTX2,-299781,MIR10B,-487394,HNRNPA3,574758,NFE2L2,589790,AC017048.4_1_AC017048.3_1,.,MTX2,-299808,MIR10B,-487421,HNRNPA3,574731,NFE2L2,589763,.,.,TRUE,444,HOXD1_HOXD4_MTX2_HOXD11_HOXD3_HOXD13_HOXD12_HOXD9_EVX2_HOXD10_HOXD8,HOXD11_HOXD10_MIR10B_HOXD13,.,.,~MIR10B/~NFE2L2-AC017048.4_1_AC017048.3,AC017048.3_1_AC017048.4-~MIR10B/~NFE2L2,AC017048.3_1_AC017048.4-AC017048.4_1_AC017048.3
ICGC_GBM26,2,236578237,236578238,2,236578276,236578277,SOMATIC(1/3261),GERMLINE(0/3261):0.556,DEL,5,39,NORMAL,14,0.500,14,0.483,|2:236578277(9_5_0/0),2:236578238|(5_9_0/0),AGAP1_intron3,.,SH3BP4,-613880,HJURP,-1815026,AC064874.1,104262,ACKR3,898193,AGAP1_3,.,SH3BP4,-613919,HJURP,-1815065,AC064874.1,104223,ACKR3,898154,SE_06737_SE_07730_SE_05784_SE_04778,SE_05784_SE_06737_SE_04778_SE_07730,FALSE,511,SH3BP4_AC064874.1_ARL4C_AGAP1,.,AGAP1_intron3-AGAP1_3,.,~HJURP/~ACKR3-AGAP1,AGAP1-~HJURP/~ACKR3,.
ICGC_GBM51,6,31736973,31736974,6,31736978,31736979,GERMLINE(9/3261):0.200,GERMLINE(6/3261):0.244,DEL,5,5,NORMAL,9,0.205,8,0.195,|6:31736979(8_1_0/0),6:31736974|(7_1_0/0),VWA7_11,VWA7,SAPCD1,-4346,MSH5,-4352,VARS,8322,HSPA1L,40423,VWA7_11,VWA7,SAPCD1,-4351,MSH5,-4357,VARS,8317,HSPA1L,40418,SE_65702,SE_65702,TRUE,1173,XXbac-BPG32J3.20_DDAH2_HSPA1L_APOM_BAG6_SLC44A4_LY6G5B_LY6G6D_C6orf47_HSPA1B_TNF_CLIC1_PRRC2A_ABHD16A_NELFE_LY6G6C_CSNK2B_LSM2_VARS_ZBTB12_NEU1_AIF1_LY6G6E_VWA7_EHMT2_LST1_HSPA1A_C6orf25_GPANK1_SAPCD1_LTB_C2_NFKBIL1_MSH5-SAPCD1_CSNK2B-LY6G5B-1181_CFB_MEGT1_LY6G5C_LTA_LY6G6F_MSH5_C6orf48_NCR3,TNF_LTB_HSPA1L_VWA7_LTA_SLC44A4_EHMT2_CSNK2B_HSPA1A_MSH5_HSPA1B,.,.,.,.,.
ICGC_GBM51,8,125578236,125578237,8,125578258,125578259,GERMLINE(1/3261):0.233,GERMLINE(1/3261):0.289,DUP,5,22,NORMAL,8,0.170,8,0.205,8:125578259|(6_2_0/0),|8:125578237(6_2_0/0),MTSS1_14,NDUFB9,TATDN1,-26538,FAM91A1,-750545,ZNF572,407304,ZNF572,407304,MTSS1_14,NDUFB9,TATDN1,-26560,FAM91A1,-750567,ZNF572,407282,ZNF572,407282,.,.,TRUE,1626,TATDN1_MTSS1_KIAA0196_SQLE_RNF139_NDUFB9_NSMCE2_ZNF572,NDUFB9_NSMCE2_ZNF572,.,.,NDUFB9-MTSS1,MTSS1-NDUFB9,.
ICGC_GBM51,12,10875865,10875866,12,10875890,10875891,GERMLINE(0/3261):0.283,GERMLINE(2/3261):0.250,DUP,5,25,NORMAL,11,0.289,5,0.116,12:10875891|(10_1_0/0),|12:10875866(2_3_0/0),YBX3_1,.,STYK1,-48949,STYK1,-48949,TAS2R7,78266,TAS2R43,368021,YBX3_1,.,STYK1,-48974,STYK1,-48974,TAS2R7,78241,TAS2R43,367996,SE_27583_SE_45272_SE_36335_SE_48527_SE_38727_SE_13138_SE_51210_SE_30502_SE_43328_SE_64719,SE_27583_SE_13138_SE_43328_SE_38727_SE_64719_SE_48527_SE_30502_SE_36335_SE_45272_SE_51210,FALSE,2084_2085,TAS2R10_AC018630.1_KLRC3_PRB3_OLR1_TAS2R46_TAS2R8_TAS2R42_TAS2R20_PRR4_TAS2R19_MAGOHB_TAS2R31_TAS2R30_PRB1_STYK1_GABARAPL1_KLRD1_CLEC7A_PRH2_TAS2R14_TAS2R13_PRH1_TAS2R9_KLRC4_EIF2S3L_TAS2R50_YBX3_TMEM52B_TAS2R43_TAS2R7_KLRK1_PRB4_PRB2_KLRC2_NKG2-E_KLRC1_KLRC4-KLRK1,STYK1_PRB2_GABARAPL1_TAS2R43_PRB4,.,.,~STYK1/~TAS2R43-YBX3,YBX3-~STYK1/~TAS2R43,.
ICGC_GBM22,14,106351530,106351531,14,106370030,106370031,GERMLINE(6/3261):0.259,GERMLINE(5/3261):0.050,DUP,3,18500,NORMAL,16,0.229,5,0.161,14:106369714-106370285|(4_0_12/12),|14:106351531-106351536(0_0_5/5),IGH,IGH,IGHD4-23,-785,TMEM121,-354992,IGHD3-22,359,.,-1,IGH,IGH,IGHD4-11,-542,TMEM121,-373492,IGHD3-10,325,.,-1,SE_14315_SE_13056_SE_13720,SE_14315_SE_13720,FALSE,2406,IGHD_C14orf80_IGHV3-21_IGHV2-26_IGHV3-15_JAG2_IGHV1-24_CDCA4_IGHD4-17_IGHG3_IGHV3-48_IGHV4-31_IGHV3-72_CRIP2_IGHV1-69_IGHD6-13_IGHD1-20_IGHD1-26_IGHD3-9_IGHD4-11_IGHJ3_IGHV1-8_IGHD2-8_IGHV3-16_NUDT14_IGH_IGHV1-45_IGHV1-46_IGHD1-7_C14orf79_IGHV3-38_AHNAK2_IGHV3-64_IGHV4-34_IGHA1_IGHV3-7_MTA1_IGHV4-59_IGHV6-1_IGHV4-28_IGHV3-13_IGHV4-61_IGHV1-18_IGHD4-23_IGHD2-15_IGHV3-74_GPR132_IGHV3-35_CRIP1_IGHV3-49_IGHD2-2_IGHV7-81_IGHD6-19_IGHV3-43_IGHV3-33_AKT1_IGHV3-73_IGHE_IGHA2_IGHG1_IGHV2-5_IGHD5-24_IGHJ1_IGHV3-20_IGHD5-5_IGHD1-1_TEX22_IGHD1-14_IGHD6-25_IGHD5-18_IGHV3-66_IGHD6-6_IGHV1-3_IGHD7-27_IGHV3-30_IGHG2_IGHV3-9_IGHM_IGHD3-10_ZBTB42_IGHJ2_IGHV4-39_KIAA0125_IGHD2-21_IGHJ5_PLD4_IGHD3-22_IGHV3-11_IGHJ4_IGHV3-53_TMEM121_IGHD3-16_IGHG4_CEP170B_IGHV4-4_IGHD5-12_IGHV1-58_PACS2_BRF1_IGHV5-51_IGHV1-2_BTBD6_IGHJ6_IGHV2-70_IGHD4-4_IGHD3-3_IGHV3-23,MTA1_NUDT14_TMEM121_AHNAK2_IGH_JAG2_AKT1,.,.,.,.,.
ICGC_GBM22,18,55029947,55029948,18,55029972,55029973,GERMLINE(1/3261):0.375,GERMLINE(1/3261):0.294,DUP,5,25,NORMAL,13,0.302,11,0.268,18:55029973|(3_10_0/0),|18:55029948(10_1_0/0),ST8SIA3_4,.,BOD1L2,-212417,TCF4,-1697930,ONECUT2,72970,ONECUT2,72970,ST8SIA3_4,.,BOD1L2,-212442,TCF4,-1697955,ONECUT2,72945,ONECUT2,72945,.,.,FALSE,2729,WDR7_BOD1L2_NARS_ST8SIA3_FECH_ATP8B1_ONECUT2,ONECUT2,.,.,~TCF4/~ONECUT2-ST8SIA3,ST8SIA3-~TCF4/~ONECUT2,.
ICGC_GBM63,1,63833326,63833327,1,63833349,63833350,GERMLINE(0/3261):0.114,GERMLINE(1/3261):0.098,DUP,5,23,NORMAL,5,0.147,6,0.200,1:63833350|(3_2_0/0),|1:63833327(5_1_0/0),ALG6_1,.,FOXD3,-42530,ATG4C,-502143,ITGB3BP,73115,JAK1,1465586,ALG6_1,.,FOXD3,-42553,ATG4C,-502166,ITGB3BP,73092,JAK1,1465563,.,.,FALSE,70,ITGB3BP_ATG4C_ALG6_FOXD3_DLEU2L_EFCAB7,ATG4C,.,.,~ATG4C/~JAK1-ALG6,ALG6-~ATG4C/~JAK1,.
ICGC_GBM63,X,3522399,3522400,X,3522415,3522416,GERMLINE(9/3261):0.167,GERMLINE(9/3261):0.227,DUP,5,16,NORMAL,6,0.240,7,0.318,X:3522416|(5_1_0/0),|X:3522400(6_1_0/0),.,.,MXRA5,-257718,ARSD,-675008,PRKX,12,PRKX,12,PRKX_11,PRKX,MXRA5,-257734,ARSD,-675024,RP11-706O15.1,213154,VCX,4287888,.,.,FALSE,2949,PLCXD1_CD99_P2RY8_GYG2_ZBED1_IL3RA_CXorf28_CSF2RA_ARSE_XG_NLGN4X_GTPBP6_PPP2R3B_ARSH_MXRA5_SHOX_SLC25A6_PRKX_AKAP17A_ASMT_DHRSX_CRLF2_ARSF_ARSD_ASMTL_RP11-706O15.1,CSF2RA_ARSD_PRKX_P2RY8_CRLF2_PPP2R3B_IL3RA,(TRUNC)-PRKX,(TRUNC)-PRKX,~ARSD/~PRKX-PRKX,~MXRA5/~PRKX-PRKX,~MXRA5/~PRKX-PRKX
ICGC_GBM59,6,166721346,166721347,6,166721464,166721465,GERMLINE(3/3261):0.435,GERMLINE(4/3261):0.340,DEL,5,118,NORMAL,21,0.840,20,0.909,|6:166721465(9_12_0/0),6:166721347|(12_8_0/0),PRR18_1,.,T,-139159,C6orf118,-998251,SFT2D1,11870,RPS6KA2,101506,PRR18_1,.,T,-139277,C6orf118,-998369,SFT2D1,11752,RPS6KA2,101388,SE_06151_SE_05133_SE_06949_SE_04594,SE_06151_SE_05133_SE_06949_SE_04594,TRUE,1318,RPS6KA2_MPC1_PRR18_Z98049.1_T_SFT2D1,RPS6KA2,.,.,~C6orf118/~RPS6KA2-PRR18,PRR18-~C6orf118/~RPS6KA2,.
ICGC_GBM96,1,75231267,75231268,1,75231873,75231874,GERMLINE(8/3261):0.265,GERMLINE(8/3261):0.154,INV,5,606,INV,20,0.278,19,0.264,1:75231874_INV|(12_8_0/0),1:75231268_INV|(8_11_0/0),TYW3_10,.,CRYZ,-32176,LRRIQ3,-567397,LHX8,362852,SLC44A5,436549,TYW3_10,.,CRYZ,-32782,LRRIQ3,-568003,LHX8,362246,SLC44A5,435943,.,.,FALSE,84,LRRIQ3_FPGT-TNNI3K_C1orf173_TYW3_TNNI3K_CRYZ_FPGT_LRRC53,LRRIQ3,.,.,~LRRIQ3/~SLC44A5-TYW3,TYW3-~LRRIQ3/~SLC44A5,.
ICGC_GBM96,9,98857500,98857501,9,98857532,98857533,GERMLINE(6/3261):0.269,GERMLINE(6/3261):0.179,DEL,5,32,NORMAL,4,0.148,4,0.133,|9:98857533(2_2_0/0),9:98857501|(3_1_0/0),RP11-569G13.2_1,.,ERCC6L2,-80659,PTCH1,-578162,HSD17B3,140088,CDC14B,395023,RP11-569G13.2_1,.,ERCC6L2,-80691,PTCH1,-578194,HSD17B3,140056,CDC14B,394991,.,.,FALSE,1731,PTCH1_ZNF782_SLC35D2_HSD17B3_AAED1_ERCC6L2_FANCC_HABP4_ZNF510_DKFZP434H0512_ZNF367_CDC14B,PTCH1_FANCC_CDC14B,.,.,~PTCH1/~CDC14B-RP11-569G13.2,RP11-569G13.2-~PTCH1/~CDC14B,.
ICGC_GBM96,9,139633926,139633927,9,139634926,139634927,GERMLINE(1/3261):0.562,GERMLINE(1/3261):0.622,DEL,5,1000,NORMAL,14,0.500,14,0.378,|9:139634927(0_5_9/10),9:139633927|(7_0_7/7),LCN6_10_LCN10_4,.,FAM69B,-15425,MIR126,-68789,LCN6,4537,RABL6,68448,LCN10_3,.,FAM69B,-16425,MIR126,-69789,LCN6,3537,RABL6,67448,.,.,FALSE,1778,C9orf141_CACNA1B_C9orf173_NRARP_NELFB_EDF1_NPDC1_RABL6_TOR4A_TMEM203_INPP5E_C9orf169_NSMF_NOXA1_SLC34A3_MAMDC4_CARD9_TUBB4B_PNPLA7_LRRC26_ANAPC2_C9orf37_EXD3_C9orf142_MAN1B1_RP11-216L13.17_UBAC1_PTGDS_ENTPD2_SAPCD2_LHX3_C9orf139_LCN12_UAP1L1_SDCCAG3_SEC16A_TPRN_DKFZP434A062_C9orf163_DNLZ_ARRDC1_AL807752.1_QSOX2_ZMYND19_ENTPD8_NDOR1_FAM69B_FBXW5_EHMT1_CLIC3_PHPT1_FAM166A_TMEM141_LCN15_LCNL1_C9orf172_FUT7_GPSM1_C9orf69_RNF224_KCNT1_NACC2_KIAA1984_LCN6_RNF208_ABCA2_SNAPC4_LCN10_TMEM210_C8G_LCN8_CAMSAP1_AGPAT2_SSNA1_EGFL7_TRAF2_PMPCA_GRIN1_DPH7_DPP7_MRPL41_NOTCH1,ANAPC2_CACNA1B_C9orf142_MIR602_RABL6_MIR126_SNAPC4_TPRN_EHMT1_TRAF2_PNPLA7_GRIN1_NOTCH1,LCN10_4-LCN10_3_LCN6-LCN10,.,~MIR126/~RABL6-LCN10,LCN6_10_LCN10-~MIR126/~RABL6,LCN6_10_LCN10-LCN10
ICGC_GBM53,6,28104966,28104967,6,28104998,28104999,GERMLINE(3/3261):0.222,GERMLINE(1/3261):0.214,DEL,5,32,NORMAL,8,0.333,9,0.300,|6:28104999(6_2_0/0),6:28104967|(4_5_0/0),ZSCAN16-AS1_1_RP1-265C24.8_1,.,ZSCAN16,-7107,HIST1H2BO,-243298,ZKSCAN8,4722,GPX5,388736,ZSCAN16-AS1_1_RP1-265C24.8_1,.,ZSCAN16,-7139,HIST1H2BO,-243330,ZKSCAN8,4690,GPX5,388704,SE_18155_SE_19543_SE_18482,SE_18482_SE_18155_SE_19543,FALSE,1168,ZSCAN12_ZSCAN23_SCAND3_OR2B6_ZSCAN9_PGBD1_OR2B2_HIST1H2AM_ZKSCAN8_ZSCAN31_ZNF165_NKAPL_ZSCAN16_HIST1H4L_HIST1H2BO_GPX6_ZKSCAN4_GPX5_ZKSCAN3_HIST1H3J_HIST1H3I,GPX5_HIST1H3J_HIST1H4L_HIST1H2BO_HIST1H3I,.,.,~HIST1H2BO/~GPX5-ZSCAN16-AS1_1_RP1-265C24.8,ZSCAN16-AS1_1_RP1-265C24.8-~HIST1H2BO/~GPX5,.
ICGC_GBM53,21,38431284,38431285,21,38431536,38431537,GERMLINE(4/3261):0.588,GERMLINE(4/3261):0.632,DEL,5,252,NORMAL,28,0.519,20,0.435,|21:38431537(14_14_0/0),21:38431285|(13_7_0/0),.,.,RIPPLY3,-39326,HLCS,-68749,PIGP,186,KCNJ6,548394,PIGP_5,.,RIPPLY3,-39578,HLCS,-69001,TTC3,13990,KCNJ6,548142,.,.,FALSE,2900_2901,SIM2_RIPPLY3_CHAF1B_DYRK1A_AP000695.1_TTC3_PIGP_HLCS_DOPEY2_KCNJ6_CLDN14_MORC3_DSCR3_AP001421.1,CHAF1B_KCNJ6_HLCS,(TRUNC)-PIGP,.,~HLCS/~KCNJ6-PIGP,~RIPPLY3/~PIGP-~HLCS/~KCNJ6,~RIPPLY3/~PIGP-PIGP
ICGC_GBM79,5,76133456,76133457,8,145700965,145700966,GERMLINE(1/3261):0.308,GERMLINE(3/3261):0.466,TRA,3,NA,INV,16,0.308,25,0.532,|8:145700354-145701138_INV(0_0_16/16),5:76133055-76133768_INV|(4_2_19/23),.,.,F2RL1,-2317,F2R,-101851,S100Z,12370,JMY,2398556,FOXH1_1,.,KIFC2,-1381,TONSL,-31139,PPP1R16A,2387,RECQL4,35702,SE_28159_SE_28864_SE_34546,.,FALSE,1022_1023_1024_1025_1644_1645,NAPRT1_RPL8_SLC39A4_PPP1R16A_SPATC1_CCDC166_LY6H_GSDMD_TOP1MT_PUF60_SV2C_WDR41_TONSL_COMMD5_FBXL6_ARHGAP39_CYP11B1_PYCRL_C8orf33_IQGAP2_POC5_GPT_PARP10_ZNF7_SLURP1_FAM203A_SCXB_GPAA1_GPR20_AGGF1_S100Z_MFSD3_MROH1_RP11-520P18.5_MAPK15_LYPD2_ZNF696_EXOSC4_EEF1D_NRBP2_VPS28_LYNX1_MAFA_BOP1_FAM83H_C8orf82_C8orf31_ADCK5_HSF1_CPSF1_ZNF34_AC138647.1_LRRC24_GLI4_TMEM249_PTP4A3_OPLAH_PLEC_ZNF623_THEM6_ZNF250_F2R_KIAA1875_FOXH1_TSTA3_ZFP41_RECQL4_ZC3H3_AP3B1_F2RL1_LY6D_SHARPIN_SLC52A2_CYC1_TIGD5_ZNF251_LY6K_GPIHBP1_DGAT1_GRINA_PSCA_ARC_CYP11B2_KM-PA-2_ZNF707_TSNARE1_CYHR1_FAM203B_CRHBP_TBCA_LRRC14_MROH6_KIFC2_PDE8B_ZBED3_ZNF16_F2RL2_BAI1_SCXA_ZNF517_LY6E_OTP_MAF1_SCRT1_EPPK1_RHPN1_SCRIB_GML,EXOSC4_RECQL4_F2R_EPPK1_F2RL2_SLURP1_SCRIB_MAFA_TONSL_GML,(TRUNC)-FOXH1,.,~F2R/-FOXH1,~F2RL1/~S100Z-~TONSL/~RECQL4,~F2RL1/~S100Z-FOXH1
ICGC_GBM79,5,76133471,76133472,8,145701209,145701210,GERMLINE(1/3261):0.743,GERMLINE(4/3261):0.624,TRA,5,NA,INV,21,0.404,23,0.548,|8:145701210_INV(10_3_8/16),|5:76133472_INV(4_7_12/22),.,.,F2RL1,-2332,F2R,-101866,S100Z,12355,JMY,2398541,FOXH1_1,.,KIFC2,-1625,TONSL,-31383,PPP1R16A,2143,RECQL4,35458,SE_28159_SE_28864_SE_34546,.,FALSE,1022_1023_1024_1025_1644_1645,NAPRT1_RPL8_SLC39A4_PPP1R16A_SPATC1_CCDC166_LY6H_GSDMD_TOP1MT_PUF60_SV2C_WDR41_TONSL_COMMD5_FBXL6_ARHGAP39_CYP11B1_PYCRL_C8orf33_IQGAP2_POC5_GPT_PARP10_ZNF7_SLURP1_FAM203A_SCXB_GPAA1_GPR20_AGGF1_S100Z_MFSD3_MROH1_RP11-520P18.5_MAPK15_LYPD2_ZNF696_EXOSC4_EEF1D_NRBP2_VPS28_LYNX1_MAFA_BOP1_FAM83H_C8orf82_C8orf31_ADCK5_HSF1_CPSF1_ZNF34_AC138647.1_LRRC24_GLI4_TMEM249_PTP4A3_OPLAH_PLEC_ZNF623_THEM6_ZNF250_F2R_KIAA1875_FOXH1_TSTA3_ZFP41_RECQL4_ZC3H3_AP3B1_F2RL1_LY6D_SHARPIN_SLC52A2_CYC1_TIGD5_ZNF251_LY6K_GPIHBP1_DGAT1_GRINA_PSCA_ARC_CYP11B2_KM-PA-2_ZNF707_TSNARE1_CYHR1_FAM203B_CRHBP_TBCA_LRRC14_MROH6_KIFC2_PDE8B_ZBED3_ZNF16_F2RL2_BAI1_SCXA_ZNF517_LY6E_OTP_MAF1_SCRT1_EPPK1_RHPN1_SCRIB_GML,EXOSC4_RECQL4_F2R_EPPK1_F2RL2_SLURP1_SCRIB_MAFA_TONSL_GML,(TRUNC)-FOXH1,.,~F2R/-FOXH1,~F2RL1/~S100Z-~TONSL/~RECQL4,~F2RL1/~S100Z-FOXH1
ICGC_GBM79,6,88032138,88032139,6,88032166,88032167,GERMLINE(5/3261):0.259,GERMLINE(3/3261):0.358,DUP,5,28,NORMAL,14,0.326,13,0.277,6:88032167|(8_6_0/0),|6:88032139(9_4_0/0),GJB7_3,.,ZNF292,-58225,ZNF292,-58225,SMIM8,163,ORC3,267701,GJB7_3,.,ZNF292,-58253,ZNF292,-58253,SMIM8,135,ORC3,267673,.,.,FALSE,1228,SPACA1_AKIRIN2_AL079342.1_C6orf163_HTR1E_ZNF292_RNGTT_CNR1_GJB7_RARS2_C6ORF165_C6orf165_RP1-102H19.8_CGA_SLC35A1_SMIM8_ORC3_C6orf164,ZNF292_ORC3_HTR1E_CNR1,.,.,~ZNF292/~ORC3-GJB7,GJB7-~ZNF292/~ORC3,.
ICGC_GBM79,8,145700647,145700648,8,145700965,145700966,GERMLINE(3/3261):0.217,GERMLINE(3/3261):0.466,DEL,5,318,NORMAL,7,0.259,7,0.241,|8:145700966(3_4_0/0),8:145700648|(4_3_0/0),FOXH1_intron1,.,KIFC2,-1063,TONSL,-30821,PPP1R16A,2705,RECQL4,36020,FOXH1_1,.,KIFC2,-1381,TONSL,-31139,PPP1R16A,2387,RECQL4,35702,.,.,TRUE,1645,NAPRT1_RPL8_SLC39A4_PPP1R16A_SPATC1_CCDC166_LY6H_GSDMD_TOP1MT_PUF60_TONSL_COMMD5_FBXL6_ARHGAP39_CYP11B1_PYCRL_C8orf33_GPT_PARP10_ZNF7_SLURP1_FAM203A_SCXB_GPAA1_MFSD3_MROH1_RP11-520P18.5_MAPK15_LYPD2_ZNF696_EXOSC4_EEF1D_NRBP2_VPS28_LYNX1_MAFA_BOP1_FAM83H_C8orf82_C8orf31_ADCK5_HSF1_CPSF1_ZNF34_LRRC24_GLI4_TMEM249_OPLAH_PLEC_ZNF623_THEM6_ZNF250_KIAA1875_FOXH1_TSTA3_ZFP41_RECQL4_ZC3H3_LY6D_SHARPIN_SLC52A2_CYC1_TIGD5_ZNF251_LY6K_GPIHBP1_DGAT1_GRINA_PSCA_CYP11B2_KM-PA-2_ZNF707_CYHR1_FAM203B_LRRC14_MROH6_KIFC2_ZNF16_SCXA_ZNF517_LY6E_MAF1_SCRT1_EPPK1_RHPN1_SCRIB_GML,EXOSC4_RECQL4_EPPK1_SLURP1_SCRIB_MAFA_TONSL_GML,FOXH1_intron1-FOXH1_1,.,~TONSL/~RECQL4-FOXH1,FOXH1-~TONSL/~RECQL4,.
ICGC_GBM79,18,56648215,56648216,18,56648241,56648242,GERMLINE(1/3261):0.364,GERMLINE(6/3261):0.310,INV,5,26,INV,10,0.227,16,0.348,|18:56648248_INV(10_0_0/0),18:56648210_INV|(16_0_0/0),ZNF532_21,ZNF532,MALT1,-230845,MALT1,-230845,SEC11C,158494,PMAIP1,918965,ZNF532_21,ZNF532,MALT1,-230871,MALT1,-230871,SEC11C,158468,PMAIP1,918939,SE_58872,SE_58872,TRUE,2732,LMAN1_SEC11C_RAX_NEDD4L_GRP_ALPK2_CPLX4_CCBE1_MALT1_ZNF532,MIR122_MALT1_ZNF532_NEDD4L,.,.,.,.,.
ICGC_GBM25,16,67235417,67235418,16,67235441,67235442,GERMLINE(4/3261):0.224,SOMATIC(4/3261),DUP,5,24,NORMAL,12,0.156,14,0.189,16:67235442|(11_1_0/0),|16:67235418(12_2_0/0),ELMO3_intron10,.,E2F4,-2597,E2F4,-2597,LRRC29,5625,ATP6V0D1,236500,ELMO3_10,.,E2F4,-2621,E2F4,-2621,LRRC29,5601,ATP6V0D1,236476,.,.,TRUE,2565,AC040160.1_THAP11_DPEP3_E2F4_PDP2_DUS2_ENKD1_GFOD2_PLEKHG4_PSKH1_ATP6V0D1_CDH16_TSNAXIP1_CTRL_EDC4_DPEP2_NOL3_PSMB10_FBXL8_SLC12A4_TRADD_CTC-479C5.12_SLC9A5_RRAD_KIAA0895L_RANBP10_CES4A_EXOC3L1_CES3_NFATC3_CES2_HSF4_NUTF2_KCTD19_CBFB_FAM65A_RP11-5A19.5_CENPT_TMEM208_B3GNT9_ZDHHC1_DDX28_NRN1L_FHOD1_RLTPR_TPPP3_NAE1_CA7_AGRP_C16orf86_LRRC36_PARD6A_HSD11B2_LCAT_C16orf70_ELMO3_ACD_FAM96B_CTCF_LRRC29,TRADD_E2F4_PARD6A_ATP6V0D1_NFATC3_ACD_CTCF_CBFB,ELMO3_intron10-ELMO3_10,.,~E2F4/~ATP6V0D1-ELMO3,ELMO3-~E2F4/~ATP6V0D1,.
ICGC_GBM57,9,27573412,27573413,9,27573444,27573445,GERMLINE(1/3261):0.228,GERMLINE(1/3261):0.400,DUP,5,32,NORMAL,7,0.368,6,0.545,9:27573445|(4_3_0/0),|9:27573413(3_3_0/0),C9orf72_intron2,.,MOB3B,-43634,IFNK,-46917,LINGO2,374664,ACO1,4811206,C9orf72_2,.,MOB3B,-43666,IFNK,-46949,LINGO2,374632,ACO1,4811174,SE_09332,SE_09332,FALSE,1669,PLAA_IFT74_EQTN_LRRC19_IFNK_MOB3B_C9orf72_CAAP1_TEK,IFNK_TEK,C9orf72_intron2-C9orf72_2,.,~IFNK/-C9orf72,C9orf72-~IFNK/,.
ICGC_GBM57,9,117087398,117087399,9,117093855,117093856,SOMATIC(0/3261),GERMLINE(2/3261):0.015,TRA,3,6457,NORMAL,6,0.030,10,0.217,|9:117093674-117094110(1_0_5/7),|9:117087004-117087119(0_0_10/10),ORM1_4,.,COL27A1,-12608,RGS3,-727381,ORM2,4751,ATP6V1G1,262628,ORM2_3,.,ORM1,-5101,RGS3,-733838,AKNA,2581,ATP6V1G1,256171,SE_22306,SE_22306,FALSE,1747_1748,AMBP_ZNF618_DFNB31_TNFSF8_TNFSF15_ATP6V1G1_ORM2_COL27A1_KIF12_ORM1_TNC_C9orf91_AKNA,ATP6V1G1_TNFSF8_TNC,ORM1-ORM2,.,~RGS3/~ATP6V1G1-ORM2,ORM1-~RGS3/~ATP6V1G1,ORM1-ORM2
ICGC_GBM57,13,104358574,104358575,22,18064851,18064852,GERMLINE(5/3261):0.255,UNKNOWN(0/3261),TRA,4,NA,INV,22,0.449,0,UNKNOWN,22:18064852_INV|(6_10_6/14),_,.,.,SLC10A2,-639379,ERCC5,-830230,DAOA,1759642,EFNB2,2783505,SLC25A18_4,.,CECR2,-27002,CECR2,-27002,ATP6V1E1,10051,ATP6V1E1,10051,.,.,FALSE,2299_2300_2301_2914_2915_2916,DGCR2_TPP2_GSC2_PRODH_AC006547.14_CECR2_MICAL3_DGCR14_BCL2L13_CECR5_GNB1L_C22orf29_MRPL40_BIVM_METTL21C_AC008132.1_RANBP1_ARVCF_COMT_CECR6_GAB4_TXNRD2_TANGO2_ERCC5_CCDC168_TSSK2_TRMT2A_C22orf39_XKR3_ATP6V1E1_UFD1L_HIRA_KDELC1_BID_GP1BB_TEX30_TUBA8_BIVM-ERCC5_CDC45_DGCR6_OR11H1_CCT8L2_PEX26_AC006946.15_SLC10A2_IL17RA_CLDN5_CECR1_ZDHHC8_SEPT5_DGCR8_POTEH_AC008132.13_SLC25A18_SLC25A1_USP18_CLTCL1_TBX1,CDC45_CCT8L2_RANBP1_CECR2_ATP6V1E1_SEPT5_HIRA_BID_ERCC5_CCDC168_CLTCL1_TUBA8,(TRUNC)-SLC25A18,.,~ERCC5/-SLC25A18,~SLC10A2/~DAOA-~CECR2/~ATP6V1E1,~SLC10A2/~DAOA-SLC25A18
ICGC_GBM57,20,8112967,8112968,20,8112992,8112993,GERMLINE(5/3261):0.145,GERMLINE(3/3261):0.132,DUP,5,25,NORMAL,9,0.265,9,0.273,20:8112993|(6_3_0/0),|20:8112968(8_1_0/0),PLCB1_1,PLCB1,TMX4,-112492,BMP2,-1352041,PLCB4,936443,PLCB4,936443,PLCB1_1,PLCB1,TMX4,-112517,BMP2,-1352066,PLCB4,936418,PLCB4,936418,SE_25640,SE_25640,FALSE,2819,PLCB1_TMX4_HAO1,PLCB1,.,.,.,.,.
ICGC_GBM44,3,39140392,39140393,3,39142855,39142856,GERMLINE(1/3261):0.508,GERMLINE(1/3261):0.741,DEL,5,2463,NORMAL,26,0.520,35,0.714,|3:39142856(8_2_16/16),3:39140393|(7_6_22/22),GORASP1_7,.,WDR48,-2238,WDR48,-2238,TTC21A,8760,CCR8,230805,GORASP1_6,.,WDR48,-4701,WDR48,-4701,TTC21A,6297,CCR8,228342,.,.,TRUE,560,SCN5A_SCN11A_SLC25A38_MOBP_RPSA_CSRNP1_GORASP1_CCR8_SCN10A_TTC21A_XIRP1_CX3CR1_EXOG_ACVR2B_WDR48,ACVR2B_SCN11A_SCN10A_CCR8_SCN5A_WDR48,GORASP1_7-GORASP1_6,.,~WDR48/~CCR8-GORASP1,GORASP1-~WDR48/~CCR8,.
ICGC_GBM33,19,17974231,17974232,19,17974271,17974272,GERMLINE(4/3261):0.595,GERMLINE(4/3261):0.622,DEL,5,40,NORMAL,19,0.422,17,0.436,|19:17974272(8_11_0/0),19:17974232|(9_8_0/0),RPL18A_5,.,JAK3,-15352,JAK3,-15352,SLC5A5,8551,IL12RB1,195574,RPL18A_5,.,JAK3,-15392,JAK3,-15392,SLC5A5,8511,IL12RB1,195534,.,.,TRUE,2771,GTPBP3_IFI30_NXNL1_INSL3_MVB12A_B3GNT3_LSM4_ANO8_RPL18A_ARRDC2_COLGALT1_JAK3_PIK3R2_PGLS_JUND_CTD-2521M24.10_PLVAP_FAM129C_PDE4C_MAST3_CCDC124_MRPL34_UNC13A_ABHD8_PGPEP1_BST2_KCNN1_TMEM221_KIAA1683_SLC27A1_DDA1_SLC5A5_FCHO1_IL12RB1_MAP1S_MPV17L2_RAB3A,PIK3R2_JAK3_JUND_IL12RB1,.,.,~JAK3/~IL12RB1-RPL18A,RPL18A-~JAK3/~IL12RB1,.
ICGC_GBM9,1,17690395,17690396,1,17690422,17690423,GERMLINE(3/3261):0.163,GERMLINE(4/3261):0.114,DUP,5,27,NORMAL,8,0.170,14,0.255,1:17690423|(7_1_0/0),|1:17690396(6_8_0/0),PADI4_18,PADI4,AC004824.2,-14326,PADI3,-79668,RCC2,42861,PAX7,1267105,PADI4_18,PADI4,AC004824.2,-14353,PADI3,-79695,RCC2,42834,PAX7,1267078,.,.,FALSE,15,SDHB_ATP13A2_RCC2_ACTL8_AC004824.2_MFAP2_PADI2_IFFO2_RP13-279N23.2_PADI3_TAS1R2_IGSF21_PADI4_PAX7_CROCC_ARHGEF10L_PADI1_KLHDC7A_ALDH4A1,PADI2_PADI3_PADI4_PAX7_SDHB_PADI1,.,.,.,.,.
ICGC_GBM9,3,43732421,43732422,3,43732450,43732451,GERMLINE(0/3261):0.500,SOMATIC(2/3261),DEL,5,29,NORMAL,6,0.375,6,0.333,|3:43732451(5_1_0/0),3:43732422|(2_4_0/0),ABHD5_3,.,SNRK,-266166,SS18L2,-1095816,TOPAZ1,550957,EXOSC7,1284312,ABHD5_3,.,SNRK,-266195,SS18L2,-1095845,TOPAZ1,550928,EXOSC7,1284283,SE_00386_SE_21390_SE_40048,SE_21390_SE_00386_SE_40048,FALSE,564,TOPAZ1_TCAIM_ABHD5_ANO10,.,.,.,~SS18L2/~EXOSC7-ABHD5,ABHD5-~SS18L2/~EXOSC7,.
ICGC_GBM9,6,111136441,111136442,6,111136464,111136465,GERMLINE(6/3261):0.667,GERMLINE(6/3261):0.667,DEL,5,23,NORMAL,5,0.455,4,0.571,|6:111136465(2_3_0/0),6:111136442|(2_2_0/0),CDK19_3,.,SLC22A16,-338598,WASF1,-635235,AMD1,59532,REV3L,483793,CDK19_3,.,SLC22A16,-338621,WASF1,-635258,AMD1,59509,REV3L,483770,.,.,FALSE,1251,RPF2_CDK19_GTF3C6_SLC16A10_AMD1,.,.,.,~WASF1/~REV3L-CDK19,CDK19-~WASF1/~REV3L,.
ICGC_GBM9,11,77320451,77320452,11,77320469,77320470,GERMLINE(7/3261):0.250,GERMLINE(3/3261):0.311,DEL,5,18,NORMAL,15,0.395,14,0.389,|11:77320470(13_2_0/0),11:77320452|(7_7_0/0),AQP11_3,CLNS1A,DKFZP434E1119,-132378,PAK1,-134772,RSF1,50590,RSF1,50590,AQP11_3,CLNS1A,DKFZP434E1119,-132396,PAK1,-134790,RSF1,50572,RSF1,50572,.,.,FALSE,2004,DKFZP434E1119_OMP_RSF1_CAPN5_GDPD4_MYO7A_AQP11_ACER3_PAK1_CLNS1A_B3GNT6,RSF1_PAK1_CLNS1A,.,.,CLNS1A-AQP11,AQP11-CLNS1A,.
ICGC_GBM9,17,37288180,37288181,17,37288208,37288209,SOMATIC(6/3261),GERMLINE(6/3261):0.152,DEL,5,28,NORMAL,10,0.385,10,0.303,|17:37288209(3_7_0/0),17:37288181|(8_2_0/0),PLXDC1_8,.,FBXO47,-164526,LASP1,-210158,ARL5C,24967,CACNB1,41529,PLXDC1_8,.,FBXO47,-164554,LASP1,-210186,ARL5C,24939,CACNB1,41501,.,.,TRUE,2624,C17orf96_RPL23_CDK12_SOCS7_STAC2_PIP4K2B_LASP1_C17orf98_CWC25_FBXO47_CISD3_FBXL20_ARHGAP23_ARL5C_CACNB1_MLLT6_MED1_AC006449.1_RPL19_CTB-58E17.5_PSMB3_PCGF2_SRCIN1_PLXDC1,CACNB1_MLLT6_CDK12_MED1_SOCS7_PCGF2_LASP1,.,.,~LASP1/~CACNB1-PLXDC1,PLXDC1-~LASP1/~CACNB1,.
ICGC_GBM9,17,73452655,73452656,17,73452677,73452678,GERMLINE(4/3261):0.152,GERMLINE(4/3261):0.162,DUP,5,22,NORMAL,16,0.286,14,0.246,17:73452678|(14_2_0/0),|17:73452656(8_6_0/0),KIAA0195_2,.,GRB2,-50866,GRB2,-50866,CASKIN2,43687,LLGL2,68506,KIAA0195_2,.,GRB2,-50888,GRB2,-50888,CASKIN2,43665,LLGL2,68484,SE_48543_SE_51474,SE_51474_SE_48543,FALSE,2665,GRB2_WBP2_SLC16A5_HN1_FBF1_H3F3B_HID1_ATP5H_GGA3_MIF4GD_GALK1_UNC13D_SLC25A19_RP11-552F3.12_UNK_ITGB4_MRPL38_TSEN54_ARMC7_SUMO2_CDR2L_SMIM6_GRIN2C_LLGL2_KIAA0195_NT5C_TRIM47_SMIM5_OTOP3_ACOX1_RECQL5_NUP85_ICT1_KCTD2_MYO15B_CASKIN2_TMEM104_USH1G_FDXR_SAP30BP_OTOP2_FADS6_TRIM65_MRPS7,GRB2_H3F3B_RECQL5_ITGB4_LLGL2,.,.,~GRB2/~LLGL2-KIAA0195,KIAA0195-~GRB2/~LLGL2,.
ICGC_GBM45,1,16065152,16065153,1,16065189,16065190,GERMLINE(3/3261):0.217,GERMLINE(3/3261):0.278,DEL,5,37,NORMAL,14,0.359,11,0.306,|1:16065190(8_6_0/0),1:16065153|(7_4_0/0),SLC25A34_4,.,PLEKHM2,-3889,CASP9,-212124,TMEM82,3765,SPEN,109207,SLC25A34_4,.,PLEKHM2,-3926,CASP9,-212161,TMEM82,3728,SPEN,109170,SE_51374_SE_48299,SE_51374_SE_48299,TRUE,13,C1orf134_CELA2A_SPEN_C1orf64_CASP9_EPHA2_SLC25A34_CLCNKB_CLCNKA_AL355149.2_DNAJC16_HSPB7_FBLIM1_ZBTB17_TMEM82_AGMAT_NECAP2_FAM131C_FBXO42_CELA2B_ARHGEF19_RSG1_PLEKHM2_CTRC_SPATA21_RSC1A1_DDI2_SZRD1_NBPF1,CASP9_EPHA2_ZBTB17_SPEN,.,.,~CASP9/~SPEN-SLC25A34,SLC25A34-~CASP9/~SPEN,.
ICGC_GBM45,7,56019797,56019798,7,56019801,56019802,GERMLINE(10/3261):0.355,GERMLINE(9/3261):0.433,DEL,5,4,NORMAL,19,0.328,23,0.359,|7:56019802(10_9_0/0),7:56019798|(20_3_0/0),MRPS17_8,.,ZNF713,-9880,LANCL2,-518363,PSPH,58947,PHKG1,128643,MRPS17_8,.,ZNF713,-9884,LANCL2,-518367,PSPH,58943,PHKG1,128639,.,.,FALSE,1381,NUPR1L_PSPH_CCT6A_CHCHD2_SUMF2_ZNF713_SEPT14_GBAS_PHKG1_MRPS17,PHKG1,.,.,~LANCL2/~PHKG1-MRPS17,MRPS17-~LANCL2/~PHKG1,.
ICGC_GBM45,10,118618593,118618594,10,118618612,118618613,GERMLINE(4/3261):0.389,GERMLINE(3/3261):0.217,DEL,5,19,NORMAL,5,0.357,5,0.250,|10:118618613(4_1_0/0),10:118618594|(1_4_0/0),ENO4_5,.,HSPA12A,-116509,PNLIPRP3,-381125,KIAA1598,25149,KIAA1598,25149,ENO4_5,.,HSPA12A,-116528,PNLIPRP3,-381144,KIAA1598,25130,KIAA1598,25130,.,.,FALSE,1899,C10orf82_ENO4_KIAA1598_PNLIP_VAX1_HSPA12A_KCNK18_PNLIPRP1_SLC18A2,KIAA1598,.,.,~PNLIPRP3/~KIAA1598-ENO4,ENO4-~PNLIPRP3/~KIAA1598,.
ICGC_GBM45,13,103718396,103718397,13,103718438,103718439,GERMLINE(5/3261):0.282,GERMLINE(6/3261):0.216,DUP,5,42,NORMAL,5,0.102,6,0.140,13:103718439|(2_3_0/0),|13:103718397(4_2_0/0),SLC10A2_1,.,ERCC5,-190052,ERCC5,-190052,DAOA,2399820,EFNB2,3423683,SLC10A2_1,.,ERCC5,-190094,ERCC5,-190094,DAOA,2399778,EFNB2,3423641,.,.,FALSE,2300,ERCC5_SLC10A2_BIVM-ERCC5,ERCC5,.,.,~ERCC5/-SLC10A2,SLC10A2-~ERCC5/,.
ICGC_GBM45,19,1577024,1577025,19,1577044,1577045,GERMLINE(4/3261):0.138,GERMLINE(0/3261):0.075,DEL,5,20,NORMAL,6,0.136,7,0.108,|19:1577045(4_2_0/0),19:1577025|(6_1_0/0),MBD3_9,MBD3,MEX3D,-8968,APC2,-103782,UQCR11,1314,TCF3,32267,MBD3_9,MBD3,MEX3D,-8988,APC2,-103802,UQCR11,1294,TCF3,32247,.,.,TRUE,2752,GADD45B_POLRMT_ZNF554_IZUMO4_AZU1_C19orf25_HMHA1_ZNF77_JSRP1_DOT1L_MEX3D_SF3A2_LMNB2_MKNK2_NFIC_ATP5D_ELANE_AP3D1_TIMM13_ZNF556_PCSK4_TMEM259_ARID3A_GZMM_GAMT_BTBD2_SBNO2_HCN2_SGTA_SCAMP4_C2CD4C_SHC2_MISP_LSM7_PRTN3_C19orf24_REEP6_ADAMTSL5_SLC39A3_C19orf26_NCLN_RPS15_TLE2_PLK5_AC027307.3_ZNF57_GNA11_DAZAP1_REXO1_R3HDM4_TCF3_GNG7_CSNK1G2_S1PR4_CFD_TPGS1_KLF16_PPAP2C_ABCA7_ATP8B3_PLEKHJ1_CELF5_MADCAM1_AES_OR4F17_POLR2E_MOB3A_THOP1_RNF126_MIDN_CNN2_THEG_GRIN3B_AMH_GNA15_C19orf35_TLE6_BSG_UQCR11_LPPR3_LINGO3_TMPRSS9_EFNA2_ODF3L2_PTBP1_NDUFS7_GPX4_MED16_DIRAS1_CIRBP_ZNF555_ABHD17A_APC2_PRSS57_CDC34_FGF22_STK11_FSTL3_AC004528.1_KISS1R_MBD3_ONECUT3_MIER2_WDR18_PALM_MUM1_ADAT3_AC006538.4_OAZ1,C2CD4C_SHC2_GADD45B_APC2_FGF22_C19orf26_STK11_FSTL3_TLE2_AMH_DOT1L_GNA15_MBD3_DAZAP1_LMNB2_GNA11_MKNK2_REXO1_TCF3_GNG7_EFNA2_CSNK1G2_S1PR4_ELANE_ABCA7_MUM1,.,.,.,.,.
ICGC_GBM19,5,43278864,43278865,5,43291008,43291009,GERMLINE(1/3261):0.485,GERMLINE(1/3261):0.729,DUP,5,12144,NORMAL,52,0.433,52,0.598,5:43291009|(15_10_27/29),|5:43278865(8_12_32/32),NIM1_intron8,.,ZNF131,-86742,GHR,-556886,HMGCS1,10633,PAIP1,247505,HMGCS1_12,.,NIM1,-10057,GHR,-569030,CCL28,85739,PAIP1,235361,.,.,FALSE,994,C5orf34_NNT_PAIP1_NIM1_C5orf28_CCL28_HMGCS1_ZNF131_ANXA2R,PAIP1,NIM1-HMGCS1,.,~GHR/~PAIP1-HMGCS1,NIM1-~GHR/~PAIP1,NIM1-HMGCS1
ICGC_GBM11,3,167542088,167542089,3,167543253,167543254,GERMLINE(3/3261):0.742,GERMLINE(3/3261):0.838,DEL,5,1165,NORMAL,79,0.940,86,0.935,|3:167543254(22_12_45/45),3:167542089|(17_14_55/55),SERPINI1_intron10,.,PDCD10,-89362,SLITRK3,-2627192,GOLIM4,184377,MECOM,1259199,SERPINI1_11,.,PDCD10,-90527,SLITRK3,-2628357,GOLIM4,183212,MECOM,1258034,SE_58627,SE_58627,FALSE,704_705,SERPINI1_WDR49_SERPINI2_PDCD10_ZBBX_GOLIM4,.,SERPINI1_intron10-SERPINI1_11,.,~SLITRK3/~MECOM-SERPINI1,SERPINI1-~SLITRK3/~MECOM,.
ICGC_GBM11,11,77924690,77924691,11,77924718,77924719,GERMLINE(1/3261):0.568,GERMLINE(1/3261):0.553,DUP,5,28,NORMAL,9,0.321,5,0.192,11:77924719|(8_1_0/0),|11:77924691(2_3_0/0),USP35_intron11,.,KCTD21,-24823,RSF1,-392628,GAB2,1653,GAB2,1653,USP35_11,.,KCTD21,-24851,RSF1,-392656,GAB2,1625,GAB2,1625,SE_08559,SE_08559,TRUE,2006,NARS2_GAB2_NDUFC2-KCTD14_ALG8_NDUFC2_KCTD14_THRSP_USP35_KCTD21,GAB2,USP35_intron11-USP35_11,.,~RSF1/~GAB2-USP35,USP35-~RSF1/~GAB2,.
ICGC_GBM11,16,85706694,85706695,16,85706710,85706711,GERMLINE(1/3261):0.638,GERMLINE(8/3261):0.674,DEL,5,16,NORMAL,8,0.615,9,0.409,|16:85706711(5_3_0/0),16:85706695|(4_5_0/0),GSE1_18,GSE1,RP11-680G10.1,-313640,FAM92B,-560581,GINS2,3110,GINS2,3110,GSE1_18,GSE1,RP11-680G10.1,-313656,FAM92B,-560597,GINS2,3094,GINS2,3094,SE_65243_SE_41559_SE_31468,SE_65243_SE_31468_SE_41559,FALSE,2582,RP11-680G10.1_GINS2_KIAA0513_COX4I1_C16orf74_CTC-786C10.1_FAM92B_GSE1_EMC8,GINS2_GSE1_FAM92B,.,.,.,.,.
ICGC_GBM7,9,35811883,35811884,9,35811901,35811902,GERMLINE(6/3261):0.257,GERMLINE(1/3261):0.206,DEL,5,18,NORMAL,5,0.116,4,0.070,|9:35811902(3_2_0/0),9:35811884|(2_2_0/0),SPAG8_2,.,NPR2,-2155,CREB3,-74883,HINT2,1074,HRCT1,94306,SPAG8_2,.,NPR2,-2173,CREB3,-74901,HINT2,1056,HRCT1,94288,.,.,FALSE,1678_1679,NPR2_OR2S2_FAM166B_ARHGEF39_CCIN_CD72_FLJ00273_TESK1_CNTFR_HRCT1_RECK_IL11RA_RGP1_VCP_CCL19_RNF38_CLTA_STOML2_GBA2_RUSC2_CA9_RP11-195F19.5_DCTN3_GLIPR2_GNE_SPAG8_OR13J1_HINT2_C9orf131_GALT_FANCG_CCDC107_MELK_DNAJB5_TLN1_PIGO_UNC13B_SIT1_ARID3C_KIAA1045_SIGMAR1_CCL21_AL160274.1_MSMP_TPM2_FAM214B_FAM221B_FAM205A_RPP25L_TMEM8B_CREB3_CCL27,CCL21_FANCG_CD72_TLN1_FAM214B_GLIPR2_CNTFR_HRCT1_RECK_CCL19_IL11RA_VCP_CREB3,.,.,~CREB3/~HRCT1-SPAG8,SPAG8-~CREB3/~HRCT1,.
ICGC_GBM7,17,72848587,72848588,17,72851040,72851041,GERMLINE(2/3261):0.614,GERMLINE(1/3261):0.654,DEL,5,2453,NORMAL,63,0.618,62,0.667,|17:72851041(13_11_39/39),17:72848587|(13_13_36/36),GRIN2C_4,.,TMEM104,-12670,SLC9A3R1,-83096,FDXR,10032,GRB2,465570,GRIN2C_4,.,TMEM104,-15123,SLC9A3R1,-85549,FDXR,7579,GRB2,463117,.,.,TRUE,2664_2665,HN1_BTBD17_ARMC7_GGA3_MIF4GD_CD300LD_CASKIN2_GPRC5C_CDR2L_TRIM65_TMEM104_FADS6_KCTD2_RECQL5_SAP30BP_C17orf77_ICT1_KIAA0195_CD300C_OTOP3_CD300LF_DNAI2_FDXR_NT5C_RP11-552F3.12_MRPS7_SUMO2_SLC16A5_MYO15B_OTOP2_UNC13D_CD300LB_TSEN54_CD300A_RAB37_GRIN2C_KIF19_SLC25A19_GALK1_GRB2_SLC9A3R1_SMIM5_GPR142_SMIM6_LLGL2_MRPL38_TRIM47_WBP2_AC103809.2_H3F3B_NUP85_FBF1_USH1G_ITGB4_ACOX1_UNK_HID1_NAT9_ATP5H_CD300E,LLGL2_H3F3B_ITGB4_GRB2_SLC9A3R1_RECQL5,.,.,~SLC9A3R1/~GRB2-GRIN2C,GRIN2C-~SLC9A3R1/~GRB2,.
ICGC_GBM52,15,65903458,65903459,15,65903498,65903499,GERMLINE(7/3261):0.123,GERMLINE(0/3261):0.133,DUP,5,40,NORMAL,11,0.208,13,0.203,15:65903499|(10_1_0/0),|15:65903459(10_3_0/0),VWA9_1,.,PTPLAD1,-32772,CSNK1G1,-1255017,SLC24A1,246,SLC24A1,246,VWA9_1,.,PTPLAD1,-32812,CSNK1G1,-1255057,SLC24A1,206,SLC24A1,206,.,.,FALSE,2465,PTPLAD1_DENND4A_IGDCC3_VWA9_SLC24A1_DPP8_IGDCC4_RAB11A_PARP16_MEGF11,SLC24A1,.,.,~CSNK1G1/~SLC24A1-VWA9,VWA9-~CSNK1G1/~SLC24A1,.
ICGC_GBM52,19,57049684,57049685,19,57049710,57049711,GERMLINE(6/3261):0.203,GERMLINE(7/3261):0.062,DUP,5,26,NORMAL,13,0.197,7,0.101,19:57049711|(10_3_0/0),|19:57049685(5_2_0/0),AC005498.3_1,.,ZNF471,-8095,ZSCAN5B,-340396,ZFP28,633,ZIM2,236236,AC005498.3_1,.,ZNF471,-8121,ZSCAN5B,-340422,ZFP28,607,ZIM2,236210,.,.,FALSE,2810,NLRP8_ZNF132_GALP_ZNF772_ZNF264_AC024580.1_VN1R1_ZSCAN5B_ZNF552_ZNF587_ZNF549_ZNF324_ZNF135_ZSCAN22_ZNF329_PEG3_AC003006.7_ZNF587B_ZNF814_ZNF584_AC004017.1_ZNF805_ZNF530_DUXA_ZNF671_ZNF154_ZSCAN5A_ZNF586_ZNF543_ZNF419_NLRP4_ZNF471_ZNF773_ZNF835_ZNF8_ZNF787_SLC27A5_ZNF256_ZNF416_AC004076.7_ZNF544_ZNF582_CTD-3138B18.4_ZSCAN4_ZSCAN1_ZSCAN18_ZNF274_NLRP11_ZNF837_AC010642.1_NLRP9_SMIM17_ZIM2_CTD-2583A14.10_ZNF418_ZNF417_ZNF444_ZSCAN5C_NLRP13_ZNF667_AC003002.4_TRAPPC2P1_ZNF497_ZNF134_ZNF583_MZF1_ZNF71_ZNF551_NLRP5_ZNF550_ZNF324B_AC006116.20_AC012313.1_AC004076.9_RFPL4AL1_ZNF211_ZNF446_AC003002.6_UBE2M_ZIK1_ZSCAN5D_CHMP2A_CTD-2583A14.9_AURKC_RFPL4A_A1BG_ZNF606_ZNF470_ZNF304_ZNF460_ZNF776_ZNF547_ZIM3_AC003005.4_ZNF17_USP29_ZFP28_ZNF548_ZBTB45_C19orf18_TRIM28_CTD-2368P22.1_RPS5_ZNF749,ZNF814_ZSCAN5B_ZNF787_ZIM2_ZNF497_TRIM28_USP29_AURKC_PEG3_NLRP5,.,.,~ZSCAN5B/~ZIM2-AC005498.3,AC005498.3-~ZSCAN5B/~ZIM2,.
ICGC_GBM52,X,101410894,101410895,X,101410926,101410927,GERMLINE(2/3261):1.000,GERMLINE(2/3261):0.733,DEL,5,32,NORMAL,10,1.000,9,0.529,|X:101410927(8_2_0/0),X:101410895|(3_6_0/0),BEX5_1,.,TCEAL6,-12953,TCEAL6,-12953,TCP11X1,59386,MORF4L2,1519530,BEX5_1,.,TCEAL6,-12985,TCEAL6,-12985,TCP11X1,59354,MORF4L2,1519498,.,.,FALSE,3041,TCP11X2_TCEAL6_TCEAL2_BEX5_TCP11X1_NXF2_TMSB15A_NXF2B,TCEAL6,.,.,~TCEAL6/~MORF4L2-BEX5,BEX5-~TCEAL6/~MORF4L2,.
ICGC_GBM18,5,148795142,148795143,5,148795208,148795209,GERMLINE(6/3261):0.319,GERMLINE(5/3261):0.356,DEL,5,66,NORMAL,10,0.294,11,0.440,|5:148795209(8_2_0/0),5:148795143|(4_7_0/0),MIR143HG_3,.,IL17B,-11378,ABLIM3,-155038,CSNK1A1,76618,MIR143,13339,MIR143HG_3,.,IL17B,-11444,ABLIM3,-155104,CSNK1A1,76552,MIR143,13273,SE_54508_SE_41372_SE_32117_SE_38879_SE_45849_SE_45182_SE_50364_SE_25916_SE_43004_SE_44609_SE_49772_SE_03012_SE_00509_SE_29310_SE_01334_SE_02602_SE_56705,SE_50364_SE_01334_SE_41372_SE_49772_SE_29310_SE_45849_SE_38879_SE_00509_SE_44609_SE_32117_SE_02602_SE_54508_SE_03012_SE_45182_SE_56705_SE_43004_SE_25916,TRUE,1102_1103,GRPEL2_CSNK1A1_AFAP1L1_PDE6A_ARHGEF37_HMGXB3_SLC26A2_TIGD6_CSF1R_IL17B_ADRB2_ABLIM3_SH3TC2_PCYOX1L_PPARGC1B,MIR143_ABLIM3_CSNK1A1_MIR145_CSF1R,.,.,~ABLIM3/~MIR143-MIR143HG,MIR143HG-~ABLIM3/~MIR143,.
ICGC_GBM18,8,26635837,26635838,8,26636693,26636694,GERMLINE(5/3261):0.477,GERMLINE(3/3261):0.436,DUP,5,856,NORMAL,44,0.512,45,0.500,8:26636694|(12_7_25/26),|8:26635838(11_9_25/25),ADRA1A_intron6,.,DPYSL2,-120144,DPYSL2,-120144,RP11-521M14.2,307857,PTK2B,533162,ADRA1A_6,.,DPYSL2,-121000,DPYSL2,-121000,RP11-521M14.2,307001,PTK2B,532306,.,.,FALSE,1523,DPYSL2_TRIM35_PTK2B_RP11-521M14.2_ADRA1A_STMN4,DPYSL2_PTK2B,ADRA1A_intron6-ADRA1A_6,.,~DPYSL2/~PTK2B-ADRA1A,ADRA1A-~DPYSL2/~PTK2B,.
ICGC_GBM18,19,44630211,44630212,19,44632902,44632903,GERMLINE(1/3261):0.421,GERMLINE(1/3261):0.570,DUP,5,2691,NORMAL,14,0.292,23,0.418,19:44632903|(0_4_10/11),|19:44630212(9_0_14/15),ZNF225_intron7,.,ZNF224,-17733,PLAUR,-455513,ZNF234,15499,ZNF226,39015,ZNF225_7,.,ZNF224,-20424,PLAUR,-458204,ZNF234,12808,ZNF226,36324,.,.,FALSE,2796,ZNF428_ZNF576_TOMM40_PVR_ZNF224_CLPTM1_ZNF234_IRGC_BCAM_XRCC1_ZNF227_ZNF223_ZNF230_PINLYP_KCNN4_CTC-512J12.6_LYPD3_SMG9_LYPD5_IRGQ_CBLC_CADM4_ZNF222_APOE_ZNF112_ZNF233_RELB_CTB-129P6.11_ZNF155_APOC4_ZNF221_CEACAM16_ZNF404_PVRL2_APOC1_PLAUR_ZNF229_ZNF226_ZNF180_ZNF225_ZNF283_PHLDB3_CEACAM19_APOC2_APOC4-APOC2_ZNF285_ZNF575_L34079.2_ETHE1_ZNF235_ZNF284_IGSF23_TEX101_SRRM5_BCL3_ZNF45,PLAUR_XRCC1_ZNF226_CBLC_RELB_BCL3,ZNF225_intron7-ZNF225_7,.,~PLAUR/~ZNF226-ZNF225,ZNF225-~PLAUR/~ZNF226,.
ICGC_GBM16,6,159187155,159187156,6,159187192,159187193,GERMLINE(1/3261):0.215,GERMLINE(7/3261):0.218,DUP,5,37,NORMAL,15,0.227,15,0.278,6:159187193|(9_6_0/0),|6:159187156(8_7_0/0),EZR_15,EZR,SYTL3,-1248,GTF2H5,-566780,C6orf99,103816,SOD2,902934,EZR_15,EZR,SYTL3,-1285,GTF2H5,-566817,C6orf99,103779,SOD2,902897,SE_28571_SE_34240_SE_26819_SE_27667_SE_52510,SE_28571_SE_34240_SE_27667_SE_52510_SE_26819,TRUE,1308,SYTL3_EZR_RSPH3_FNDC1_TAGAP_AL591025.1_C6orf99_TMEM181_DYNLT1,EZR,.,.,.,.,.
ICGC_GBM74,11,125303570,125303571,11,125302705,125302706,GERMLINE(6/3261):0.651,GERMLINE(6/3261):0.625,DEL,4,865,NORMAL,6,0.250,0,UNKNOWN,11:125302706|(2_1_3/3),_,.,.,PKNOX2,-286,ROBO3,-552205,FEZ1,12076,EI24,135542,PKNOX2_17,.,TMEM218,-321047,ROBO3,-551340,FEZ1,12941,EI24,136407,SE_04899_SE_09126_SE_04013_SE_06770_SE_03204_SE_07832_SE_05964,SE_04899_SE_07832_SE_05964_SE_03204,TRUE,2060,SIAE_TBRG1_AP000708.1_EI24_OR8A1_RP11-664I21.6_SPA17_HEPACAM_PANX3_ROBO3_TMEM218_CCDC15_SLC37A2_HEPN1_OR8B12_STT3A_VSIG2_PKNOX2_ESAM_MSANTD2_ROBO4_FEZ1_NRGN,ROBO3_EI24,(TRUNC)-PKNOX2,.,~ROBO3/~EI24-PKNOX2,~PKNOX2/~FEZ1-~ROBO3/~EI24,~PKNOX2/~FEZ1-PKNOX2
ICGC_GBM85,6,55549464,55549465,6,107077488,107077489,GERMLINE(1/3261):0.359,GERMLINE(1/3261):0.222,DEL,5,51528024,NORMAL,17,0.415,20,0.408,|6:107077489(5_7_5/5),6:55549465|(7_5_8/9),.,.,HMGCLL1,-105453,GSTA4,-2689289,BMP5,68979,BMP5,68979,QRSL1_1,.,RTN4IP1,-116,ATG5,-303823,C6orf203,271919,SCML4,947820,SE_60968,SE_59353_SE_11361_SE_58535_SE_10794_SE_60803_SE_61766,FALSE,1202_1203_1245_1246,ATG5_KIAA1586_PRIM2_GFRAL_DST_AIM1_C6orf203_RAB23_BEND3_RTN4IP1_BMP5_BAG2_ZNF451_LIN28B_BEND6_HMGCLL1_BVES_COL21A1_PREP_HCRTR2_QRSL1_HACE1_POPDC3_PRDM1,BMP5_ATG5_DST_COL21A1_PRIM2_PRDM1,(TRUNC)-QRSL1,.,~GSTA4/~BMP5-QRSL1,~HMGCLL1/~BMP5-~ATG5/~SCML4,~HMGCLL1/~BMP5-QRSL1
ICGC_GBM85,6,107097077,107097078,6,107100083,107100084,GERMLINE(1/3261):0.232,GERMLINE(1/3261):0.300,DEL,5,3006,NORMAL,23,0.311,25,0.403,|6:107100084(10_4_9/13),6:107097078|(5_8_12/13),QRSL1_intron7,.,RTN4IP1,-19705,ATG5,-323412,C6orf203,252330,SCML4,928231,QRSL1_7,.,RTN4IP1,-22711,ATG5,-326418,C6orf203,249324,SCML4,925225,SE_59353_SE_11361_SE_58535_SE_61766_SE_10794_SE_60803,SE_10794_SE_60803_SE_58535_SE_11361,FALSE,1246,AIM1_QRSL1_C6orf203_BEND3_RTN4IP1,.,QRSL1_intron7-QRSL1_7,.,~ATG5/~SCML4-QRSL1,QRSL1-~ATG5/~SCML4,.
ICGC_GBM85,6,107103607,107103608,6,107110854,107110855,GERMLINE(0/3261):0.235,GERMLINE(1/3261):0.190,DEL,5,7247,NORMAL,6,0.200,7,0.194,|6:107110855(3_0_3/6),6:107103608|(2_1_4/14),QRSL1_intron11,.,RTN4IP1,-26235,ATG5,-329942,C6orf203,245800,SCML4,921701,QRSL1_11,.,RTN4IP1,-33482,ATG5,-337189,C6orf203,238553,SCML4,914454,SE_10794_SE_11361_SE_60803_SE_58535,SE_10794_SE_60803_SE_58535_SE_11361,FALSE,1246,AIM1_QRSL1_C6orf203_BEND3_RTN4IP1,.,QRSL1_intron11-QRSL1_11,.,~ATG5/~SCML4-QRSL1,QRSL1-~ATG5/~SCML4,.
ICGC_GBM85,7,64466917,64466918,7,64467028,64467029,GERMLINE(5/3261):0.229,GERMLINE(9/3261):0.417,DEL,5,111,NORMAL,24,0.522,33,0.516,|7:64467029(16_8_0/0),7:64466918|(16_17_0/0),ERV3-1_intron1_ZNF117_intron1,.,ZNF273,-75574,PHKG1,-8306229,ZNF92,371795,ASL,1073868,ZNF117_1_ERV3-1_1,.,ZNF273,-75685,PHKG1,-8306340,ZNF92,371684,ASL,1073757,SE_40202,SE_40202,FALSE,1388_1389,ZNF679_ZNF117_ZNF92_ZNF273_ZNF680_ZNF736_AC104057.1_ERV3-1_ZNF138_ZNF107,.,ERV3-1-ZNF117_ZNF117_intron1-ZNF117_1_ERV3-1_intron1-ERV3-1_1,.,~PHKG1/~ASL-ZNF117_1_ERV3-1,ERV3-1_intron1_ZNF117-~PHKG1/~ASL,ERV3-1_intron1_ZNF117-ZNF117_1_ERV3-1
ICGC_GBM85,20,3668751,3668752,20,3668932,3668933,GERMLINE(5/3261):0.426,GERMLINE(6/3261):0.463,DEL,5,181,NORMAL,13,0.419,18,0.400,|20:3668933(6_7_0/0),20:3668752|(10_8_0/0),SIGLEC1_18,SIGLEC1,ADAM33,-5859,PDYN,-1694020,HSPA12B,44563,CDC25B,98827,SIGLEC1_18,SIGLEC1,ADAM33,-6040,PDYN,-1694201,HSPA12B,44382,CDC25B,98646,.,.,FALSE,2813_2814,SIGLEC1_RNF24_SMOX_ADAM33_AP5S1_SPEF1_CENPB_ATRN_FASTKD5_C20orf194_ADRA1D_MAVS_C20orf27_RP11-352D3.2_ITPA_UBOX5_LZTS3_CDC25B_PRNT_AVP_PRND_GFRA4_HSPA12B_SLC4A11_PRNP_DDRGK1_OXT_PANK2,MIR103A2_SIGLEC1_AP5S1_CDC25B,.,.,.,.,.
ICGC_GBM17,X,149657743,149657744,X,149657837,149657838,GERMLINE(1/3261):0.394,GERMLINE(1/3261):0.333,DEL,5,94,NORMAL,19,0.373,15,0.405,|X:149657838(9_10_0/0),X:149657744|(14_1_0/0),MAMLD1_intron9,MAMLD1,CXorf40B,-550715,AFF2,-1575551,MTM1,79326,PASD1,1074351,AC109994.1_1,MAMLD1,CXorf40B,-550809,AFF2,-1575645,MTM1,79232,PASD1,1074257,.,.,FALSE,3099,MAGEA9_HSFX1_MTMR1_MAGEA11_CXorf40B_HMGB3_CD99L2_MTM1_MAGEA8_MAMLD1,MAMLD1,MAMLD1-AC109994.1,.,MAMLD1-AC109994.1,.,MAMLD1-AC109994.1
ICGC_GBM5,2,136482766,136482767,2,136482800,136482801,GERMLINE(8/3261):0.247,GERMLINE(9/3261):0.205,DUP,5,34,NORMAL,22,0.310,24,0.316,2:136482801|(10_12_0/0),|2:136482767(14_10_0/0),R3HDM1_32,.,ZRANB3,-193961,MIR128-1,-59719,UBXN4,16423,MCM6,114430,R3HDM1_32,.,ZRANB3,-193995,MIR128-1,-59753,UBXN4,16389,MCM6,114396,.,.,FALSE,402,CCNT2_RAB3GAP1_R3HDM1_ZRANB3_MAP3K19_LCT_UBXN4_MCM6,MIR128-1_CCNT2_MCM6_ZRANB3,.,.,~MIR128-1/~MCM6-R3HDM1,R3HDM1-~MIR128-1/~MCM6,.
ICGC_GBM65,8,104235548,104235549,18,4455307,4455308,GERMLINE(1/3261):0.662,GERMLINE(1/3261):0.366,TRA,5,NA,INV,75,0.743,77,0.500,|18:4455308_INV(17_12_46/46),|8:104235549_INV(20_11_46/74),BAALC_intron11,.,C8orf56,-81846,ATP6V1C1,-150270,FZD6,75113,FZD6,75113,DLGAP1_1,.,TGIF1,-996899,TGIF1,-996899,C18orf42,689977,EPB41L3,937076,.,.,FALSE,1598_1599_1600_2673_2674_2675,C8orf56_KLF10_FZD6_TGIF1_MYL12A_MYL12B_KB-1507C5.2_EPB41L3_BAALC_DCAF13_DPYS_ATP6V1C1_C18orf42_ODF1_AZIN1_LRP12_DLGAP1_ZBTB14_SLC25A32_DCSTAMP_CTHRC1_RIMS2_KB-1980E6.3_UBR5,FZD6_TGIF1_EPB41L3_ATP6V1C1_DCSTAMP_RIMS2_UBR5,BAALC-DLGAP1,.,~ATP6V1C1/~FZD6-DLGAP1,BAALC-~TGIF1/~EPB41L3,BAALC-DLGAP1
ICGC_GBM65,16,4714617,4714618,16,4714638,4714639,GERMLINE(6/3261):0.207,GERMLINE(5/3261):0.283,DUP,5,21,NORMAL,13,0.200,12,0.211,16:4714639|(7_6_0/0),|16:4714618(7_5_0/0),MGRN1_8,.,UBALD1,-49590,DNAJA3,-207842,NUDT16L1,29078,NUDT16L1,29078,MGRN1_8,.,UBALD1,-49611,DNAJA3,-207863,NUDT16L1,29057,NUDT16L1,29057,SE_31575_SE_29416_SE_52986_SE_01449_SE_09588_SE_08670_SE_28424,SE_31575_SE_52986_SE_08670_SE_09588_SE_29416_SE_28424_SE_01449,TRUE,2508_2509,ZNF500_C16orf96_NAGPA_SEC14L5_MGRN1_ANKS3_SLX4_GLYR1_ROGDI_FAM86A_DNAJA3_CORO7_ALG1_DNASE1_C16orf71_UBALD1_CORO7-PAM16_HMOX2_PPL_VASN_PAM16_C16orf89_NUDT16L1_CDIP1_SEPT12_ADCY9_CLUAP1_NMRAL1_SMIM22_SRL_TRAP1_GLIS2_TFAP4_CREBBP_UBN1,C16orf71_SLX4_GLYR1_ADCY9_DNAJA3_CREBBP_NUDT16L1_TFAP4_UBN1,.,.,~DNAJA3/~NUDT16L1-MGRN1,MGRN1-~DNAJA3/~NUDT16L1,.
ICGC_GBM55,1,151319598,151319599,1,151319623,151319624,GERMLINE(5/3261):0.143,GERMLINE(5/3261):0.096,DUP,5,25,NORMAL,9,0.158,8,0.143,1:151319624|(8_1_0/0),|1:151319599(5_3_0/0),RP11-126K1.6_1,.,PI4KB,-19408,ZNF687,-54943,SELENBP1,17180,PSMB4,52412,RP11-126K1.6_1,.,PI4KB,-19433,ZNF687,-54968,SELENBP1,17155,PSMB4,52387,SE_13543_SE_10630,SE_10630_SE_13543,FALSE,152_153,CELF3_PI4KB_SCNM1_MCL1_ENSA_SV2A_RIIAD1_AL356356.1_TDRKH_OTUD7B_GABPB2_TARS2_ANXA9_HIST2H4B_ADAMTSL4_THEM4_PIP5K1A_TNFAIP8L2_C1orf56_OAZ3_MRPS21_PRUNE_HIST2H2AA3_SF3B4_VPS72_ZNF687_HIST2H2AB_CTSK_HIST2H3D_C1orf54_HIST2H3C_SNX27_HIST2H2AA4_AL589765.1_C1orf51_CGN_HIST2H4A_FAM63A_POGZ_HIST2H2AC_S100A10_PRPF3_BNIPL_TUFT1_TCHHL1_RORC_SETDB1_S100A11_ECM1_CERS2_TCHH_RFX5_CA14_VPS45_LYSMD1_GOLPH3L_THEM5_PSMB4_ARNT_SELENBP1_BOLA1_HIST2H2BE_CTSS_HORMAD1_RPRD2_HIST2H2BF_SEMA6C_MRPL9_RP11-126K1.2_PSMD4_ANP32E_CDC42SE1_PLEKHO1_LINGO4_ADAMTSL4-AS1_FCGR1A_C2CD4D_HIST2H3A_MTMR11_MLLT11_TMOD4_APH1A,MCL1_TDRKH_HIST2H4B_THEM4_PIP5K1A_VPS72_ZNF687_CTSK_HIST2H3C_HIST2H3D_HIST2H4A_POGZ_SETDB1_TCHH_GOLPH3L_PSMB4_ARNT_HIST2H2BE_CTSS_HORMAD1_SEMA6C_HIST2H2BF_ANP32E_FCGR1A_HIST2H3A_MLLT11_APH1A,.,.,~ZNF687/~PSMB4-RP11-126K1.6,RP11-126K1.6-~ZNF687/~PSMB4,.
ICGC_GBM55,8,38002677,38002678,8,38003943,38003944,GERMLINE(3/3261):0.655,GERMLINE(3/3261):0.618,DEL,5,1266,NORMAL,40,0.548,35,0.660,|8:38003944(5_12_23/23),8:38002678|(15_2_18/19),STAR_5,.,ASH2L,-1084,ASH2L,-1084,LSM1,18162,BAG4,31374,STAR_4,.,ASH2L,-2350,ASH2L,-2350,LSM1,16896,BAG4,30108,SE_46886_SE_01270,SE_46886_SE_01270,FALSE,1536,ERLIN2_EIF4EBP1_BAG4_PROSC_BRF2_PLEKHA2_DDHD2_FGFR1_ADRB3_TACC1_STAR_LETM2_WHSC1L1_RAB11FIP1_GOT1L1_LSM1_ASH2L_C8orf86_PPAPDC1B_GPR124,EIF4EBP1_BAG4_TACC1_FGFR1_WHSC1L1_ASH2L_GPR124,STAR_5-STAR_4,.,~ASH2L/~BAG4-STAR,STAR-~ASH2L/~BAG4,.
ICGC_GBM55,9,4375770,4375771,9,4378492,4378493,GERMLINE(1/3261):0.600,GERMLINE(1/3261):0.737,DEL,5,2722,NORMAL,17,0.586,20,0.769,|9:4378493(5_1_11/11),9:4375771|(5_2_13/13),.,.,GLIS3,-27379,SMARCA2,-2182147,SLC1A1,114674,MIR101-2,474521,AL162419.1_1,.,GLIS3,-30101,SMARCA2,-2184869,SLC1A1,111952,MIR101-2,471799,.,.,FALSE,1647,AL365202.1_CDC37L1_RFX3_GLIS3_SPATA6L_SLC1A1_PPAPDC2,.,(TRUNC)-AL162419.1,.,~SMARCA2/~MIR101-2-AL162419.1,~GLIS3/~SLC1A1-~SMARCA2/~MIR101-2,~GLIS3/~SLC1A1-AL162419.1
ICGC_GBM55,19,16308631,16308632,19,16308665,16308666,GERMLINE(5/3261):0.172,GERMLINE(4/3261):0.117,DUP,5,34,NORMAL,12,0.197,12,0.185,19:16308666|(11_1_0/0),|19:16308632(9_3_0/0),AP1M1_1,.,FAM32A,-5775,TPM4,-94819,KLF2,126997,KLF2,126997,AP1M1_1,.,FAM32A,-5809,TPM4,-94853,KLF2,126963,KLF2,126963,.,.,FALSE,2769,RAB8A_TMEM38A_PGLYRP2_CIB3_NOTCH3_NDUFB7_ZNF333_KLF2_OR7A17_ILVBL_CYP4F12_GIPC1_OR10H4_OR7A5_CLEC17A_CYP4F3_OR7C2_BRD4_EMR2_EPS15L1_CYP4F22_OR7C1_OR10H3_AKAP8L_CTD-3222D19.2_CYP4F2_FAM32A_CHERP_WIZ_CALR3_OR10H1_SLC35E1_TECR_SYDE1_SMIM7_EMR3_AKAP8_TPM4_DNAJB1_OR7A10_OR1I1_AC090427.1_CTC-429P9.4_SLC1A6_EPHX3_CYP4F11_RASAL3_CASP14_AP1M1_CCDC105_OR10H5_OR10H2_C19orf44_MED26_HSH2D,BRD4_AKAP8_TPM4_CYP4F22_RASAL3_NOTCH3_DNAJB1_OR7C1_KLF2_SLC1A6_CHERP,.,.,~TPM4/~KLF2-AP1M1,AP1M1-~TPM4/~KLF2,.
ICGC_GBM55,19,50393009,50393010,19,50393030,50393031,GERMLINE(4/3261):0.185,GERMLINE(5/3261):0.220,DUP,5,21,NORMAL,10,0.185,9,0.173,19:50393031|(9_1_0/0),|19:50393010(5_4_0/0),IL4I1_12,.,TBC1D17,-1005,AKT1S1,-11294,NUP62,17073,MYH14,298434,IL4I1_12,.,TBC1D17,-1026,AKT1S1,-11315,NUP62,17052,MYH14,298413,SE_57605_SE_40008_SE_19303,SE_40008_SE_57605_SE_19303,TRUE,2803_2804,CTU1_ADM5_hsa-mir-150_AKT1S1_FUT1_KCNA7_PLEKHA4_TRPM4_CTC-326K19.6_SIGLEC11_RCN3_GYS1_C19orf73_CGB2_SIGLEC7_EMC10_CTB-60B18.6_TSKS_FAM71E1_VRK3_POLD1_KLK14_KLK1_SCAF1_CGB1_CCDC155_LRRC4B_NTF4_AP2A1_NTN5_MYBPC2_IZUMO1_BCL2L12_KLK3_RASIP1_DHDH_TULP2_IZUMO2_PRMT1_NUP62_SNRNP70_ASPDH_CTD-2545M3.6_CTD-3148I10.9_KLK7_RRAS_C19orf81_MAMSTR_FGF21_ACPT_IL4I1_IRF3_AC037199.1_TEAD2_LHB_PPFIA3_NAPSA_CA11_RUVBL2_FUZ_HRC_KLK6_ZNF473_KLK15_CD37_SYT3_SIGLEC9_KLK12_RPL18_KLK2_DKKL1_KLK13_DBP_FCGRT_PTH2_TBC1D17_NR1H2_LIN7B_KLK5_KLK4_PNKP_CGB_PRR12_RPL13A_KLK10_HSD17B14_GPR32_PPP1R15A_FAM83E_KLK8_SPACA4_SPIB_FUT2_CTD-3148I10.1_KLK11_PTOV1_PIH1D1_SULT2B1_PRRG2_ALDH16A1_NUCB1_FTL_CLEC11A_CPT1C_CGB7_FLT3LG_SHANK1_KCNC3_SLC17A7_BAX_MED25_BCAT2_C19orf48_SPHK2_CD33_MYH14_ATF5_SIGLECL1_CGB5_RPS11_SLC6A16_JOSD2_KLK9_NOSIP_CGB8,BAX_CCDC155_GPR32_PRMT1_SPHK2_KLK3_GYS1_RRAS_RUVBL2_MIR150_PTH2_POLD1_AKT1S1_NTF4_FLT3LG_FGF21_SHANK1_KLK2_IRF3_MYH14_TEAD2,.,.,~AKT1S1/~MYH14-IL4I1,IL4I1-~AKT1S1/~MYH14,.
ICGC_GBM86,1,240074549,240074550,1,240074564,240074565,GERMLINE(2/3261):0.280,GERMLINE(2/3261):0.366,DEL,5,15,NORMAL,9,0.333,14,0.359,|1:240074565(5_4_0/0),1:240074550|(11_3_0/0),CHRM3_15,.,MTRNR2L11,-1965975,ACTN2,-3146619,FMN2,103099,FMN2,103099,CHRM3_15,.,MTRNR2L11,-1965990,ACTN2,-3146634,FMN2,103084,FMN2,103084,SE_43820,SE_43820,FALSE,252,CHRM3_FMN2,FMN2,.,.,~ACTN2/~FMN2-CHRM3,CHRM3-~ACTN2/~FMN2,.
ICGC_GBM42,12,72655662,72655663,12,72657191,72657192,GERMLINE(1/3261):0.553,GERMLINE(1/3261):0.559,DEL,5,1529,NORMAL,24,0.558,19,0.594,|12:72657192(5_4_15/15),12:72655663|(7_2_10/10),TRHDE-AS1_intron4,.,TPH2,-75265,PTPRR,-1341040,ATXN7L3B,2275889,NAP1L1,3783008,TRHDE-AS1_4,.,TPH2,-76794,PTPRR,-1342569,ATXN7L3B,2274360,NAP1L1,3781479,.,SE_00632,FALSE,2155,TRHDE_TBC1D15_TPH2,.,TRHDE-AS1_intron4-TRHDE-AS1_4,.,~PTPRR/-TRHDE-AS1,TRHDE-AS1-~PTPRR/,.
ICGC_GBM43,1,25667088,25667089,1,25656254,25656444,GERMLINE(9/3261):0.738,UNKNOWN(1/3261),INV,4,10834,INV,20,0.408,0,UNKNOWN,1:25656255-25656444_INV|(8_1_11/16),_,TMEM50A_intron4,.,C1orf63,-2385,RUNX3,-375477,RHCE,21652,STMN1,543584,RHD_11,.,SYF2,-97262,RUNX3,-364643,TMEM50A,7965,STMN1,554229,SE_14720_SE_21007_SE_45772_SE_44543_SE_55729_SE_63848,SE_22100_SE_63848_SE_45772_SE_16415_SE_17177_SE_14720_SE_21820_SE_20505_SE_18183_SE_44543_SE_55729_SE_15540_SE_21007_SE_19690,FALSE,26_27,STMN1_MTFR1L_MAN1C1_TMEM50A_SLC30A2_C1orf63_RHD_SYF2_PAQR7_EXTL1_AL020996.1_RP1-317E23.6_AUNIP_TMEM57_RUNX3_SEPN1_TRIM63_LDLRAP1_RHCE_CLIC4_PAFAH2,RUNX3_STMN1,TMEM50A-RHD,.,~RUNX3/~STMN1-RHD,TMEM50A-~RUNX3/~STMN1,TMEM50A-RHD
ICGC_GBM43,3,9935699,9935700,3,9935730,9935731,GERMLINE(9/3261):0.240,GERMLINE(9/3261):0.306,DUP,5,31,NORMAL,13,0.295,13,0.310,3:9935731|(6_7_0/0),|3:9935700(8_5_0/0),JAGN1_2,JAGN1,CIDEC,-13762,TADA3,-101005,IL17RE,8597,FANCD2,132399,JAGN1_2,JAGN1,CIDEC,-13793,TADA3,-101036,IL17RE,8566,FANCD2,132368,SE_32055_SE_00465,SE_00465_SE_32055,TRUE,527,RPUSD3_IRAK2_GHRL_JAGN1_ARPC4-TTLL3_TATDN2_PRRT3_CAMK1_CIDEC_CPNE9_BRK1_ATP2B2_VHL_IL17RC_FANCD2OS_OGG1_RP11-438J1.1_MTMR14_FANCD2_CRELD1_ARPC4_TTLL3_IL17RE_EMC3_TADA3_SEC13_BRPF1,OGG1_FANCD2_JAGN1_TADA3_VHL_SEC13_BRPF1,.,.,.,.,.
ICGC_GBM43,7,128026680,128026681,2,217363566,217363567,GERMLINE(7/3261):0.476,SOMATIC(0/3261),TRA,3,NA,NORMAL,18,0.450,4,0.087,|2:217363567(9_1_8/19),_,.,.,PRRT4,-24942,LEP,-129000,IMPDH1,5651,FLNC,443751,RPL37A_1,.,SMARCAL1,-15791,SMARCAL1,-15791,IGFBP2,133985,TNP1,360615,.,.,FALSE,1459_1460_1461_1462_491_492_493,MARCH4_PRRT4_CCDC136_PAX4_WNT6_CCDC108_ATP6V1F_PRKAG3_WNT10A_RESP18_INHA_FAM71F1_CALU_TMEM198_PECR_ASIC4_AHCYL2_SMKR1_CNPPD1_TSPAN33_STRIP2_SLC23A3_DNAJB2_IGFBP2_GPBAR1_ZNF800_TNS1_LEP_IHH_XRCC5_GMPPA_FAM134A_CRYBA2_RBM28_GCC1_RUFY4_TMBIM1_IRF5_DNPEP_FAM71F2_NHEJ1_USP37_TTLL4_AAMP_C2orf62_VIL1_CXCR1_ABCB6_CYP27A1_SMO_HILPDA_OPN1SW_TMEM169_RQCD1_FLNC_SLC4A3_PLCD4_IGFBP5_LRRC4_ARF5_ANKZF1_CTDSP1_FEV_NRF1_STK11IP_PTPRN_CXCR2_BCS1L_SLC11A1_RNF25_SMARCAL1_IMPDH1_TUBA4A_ARPC2_TNPO3_GLB1L_CDK5R2_GRM8_RPL37A_DIRC3_METTL2B_PNKD_STK36_SND1_FSCN3_ZFAND2B_OBSL1_TNP1_ZNF142_STK16_AC007557.1_SPEG_ATG9A_CHPF_DES,SMO_TNS1_MIR26B_MIR129-1_WNT6_LEP_RQCD1_GRM8_IHH_FLNC_ATP6V1F_PRKAG3_WNT10A_LRRC4_PNKD_STK36_XRCC5_SND1_IRF5_FEV_TNP1_NHEJ1_SMARCAL1_TUBA4A_MIR375,(TRUNC)-RPL37A,.,~LEP/~FLNC-RPL37A,~PRRT4/~IMPDH1-~SMARCAL1/~TNP1,~PRRT4/~IMPDH1-RPL37A
ICGC_GBM43,12,114792577,114792578,12,114792582,114792583,GERMLINE(6/3261):0.417,GERMLINE(4/3261):0.435,DEL,5,5,NORMAL,14,0.875,17,0.850,|12:114792583(10_4_0/0),12:114792578|(16_1_0/0),TBX5_10,.,RBM19,-388402,LHX5,-882493,TBX3,315482,TBX3,315482,TBX5_10,.,RBM19,-388407,LHX5,-882498,TBX3,315477,TBX3,315477,.,.,FALSE,2201,TBX5_RBM19,.,.,.,~LHX5/~TBX3-TBX5,TBX5-~LHX5/~TBX3,.
ICGC_GBM43,14,106094459,106094460,14,106240470,106240471,SOMATIC(6/3261),GERMLINE(3/3261):0.359,DUP,5,146011,NORMAL,15,0.750,16,0.333,14:106240471|(0_1_14/16),|14:106094397(5_0_11/11),IGH,IGH,IGHG4,-2057,TMEM121,-97921,IGHG2,14930,.,-1,IGH,IGH,IGHG3,-2729,TMEM121,-243932,IGHD,62629,.,-1,.,.,FALSE,2405_2406,IGHD3-16_C14orf180_IGHV3-20_ASPG_IGHE_IGHV3-21_IGHV1-58_IGHV1-45_IGHA2_CDCA4_SIVA1_IGHD3-10_IGHV5-51_IGHV4-39_IGHV3-33_IGHV3-35_IGHD_IGHV4-59_CRIP2_IGHD1-20_KIF26A_IGHV1-18_INF2_IGHV3-53_IGHJ2_IGHV4-61_IGHD1-14_IGHV3-13_IGHV3-9_IGHJ1_IGHD4-23_IGHV3-30_IGHD4-11_IGHJ4_IGHA1_IGHV2-5_IGHG4_IGHV3-43_MTA1_IGHV1-2_C14orf144_IGHJ6_IGHD2-8_IGHV3-23_AHNAK2_C14orf79_IGHD5-12_IGHD2-15_BRF1_IGHD6-25_IGHV3-15_IGHV1-8_IGHD5-24_IGHD3-3_ADSSL1_IGHD3-9_IGH_IGHD6-6_IGHV3-38_C14orf80_IGHV3-66_IGHM_IGHV3-64_CRIP1_IGHJ5_PLD4_IGHD4-4_IGHV4-31_IGHD5-18_IGHV1-69_IGHV4-34_IGHV1-24_IGHV3-49_IGHV2-70_IGHV3-48_IGHG3_PACS2_IGHV3-73_AKT1_IGHD1-7_IGHD1-26_TMEM121_IGHV3-7_IGHD7-27_IGHD6-13_TEX22_IGHD2-21_IGHV4-4_IGHD5-5_IGHV7-81_KIAA0125_IGHG1_IGHV6-1_IGHG2_IGHV1-46_TDRD9_BTBD6_NUDT14_IGHV2-26_IGHV3-16_IGHV3-72_IGHV1-3_IGHV3-74_TMEM179_IGHD1-1_IGHV4-28_GPR132_IGHD3-22_IGHD4-17_IGHV3-11_CEP170B_IGHD6-19_ZBTB42_IGHJ3_JAG2_IGHD2-2,IGH_TMEM121_AHNAK2_AKT1_MTA1_JAG2_NUDT14,.,.,.,.,.
ICGC_GBM43,14,106240470,106240471,14,106094396,106094397,GERMLINE(3/3261):0.359,UNKNOWN(0/3261),DUP,4,146074,NORMAL,16,0.333,0,UNKNOWN,|14:106094397(5_0_11/11),_,IGH,IGH,IGHG3,-2729,TMEM121,-243932,IGHD,62629,.,-1,IGH,IGH,IGHG4,-1994,TMEM121,-97858,IGHG2,14993,.,-1,.,.,FALSE,2405_2406,IGHD3-16_C14orf180_IGHV3-20_ASPG_IGHE_IGHV3-21_IGHV1-58_IGHV1-45_IGHA2_CDCA4_SIVA1_IGHD3-10_IGHV5-51_IGHV4-39_IGHV3-33_IGHV3-35_IGHD_IGHV4-59_CRIP2_IGHD1-20_KIF26A_IGHV1-18_INF2_IGHV3-53_IGHJ2_IGHV4-61_IGHD1-14_IGHV3-13_IGHV3-9_IGHJ1_IGHD4-23_IGHV3-30_IGHD4-11_IGHJ4_IGHA1_IGHV2-5_IGHG4_IGHV3-43_MTA1_IGHV1-2_C14orf144_IGHJ6_IGHD2-8_IGHV3-23_AHNAK2_C14orf79_IGHD5-12_IGHD2-15_BRF1_IGHD6-25_IGHV3-15_IGHV1-8_IGHD5-24_IGHD3-3_ADSSL1_IGHD3-9_IGH_IGHD6-6_IGHV3-38_C14orf80_IGHV3-66_IGHM_IGHV3-64_CRIP1_IGHJ5_PLD4_IGHD4-4_IGHV4-31_IGHD5-18_IGHV1-69_IGHV4-34_IGHV1-24_IGHV3-49_IGHV2-70_IGHV3-48_IGHG3_PACS2_IGHV3-73_AKT1_IGHD1-7_IGHD1-26_TMEM121_IGHV3-7_IGHD7-27_IGHD6-13_TEX22_IGHD2-21_IGHV4-4_IGHD5-5_IGHV7-81_KIAA0125_IGHG1_IGHV6-1_IGHG2_IGHV1-46_TDRD9_BTBD6_NUDT14_IGHV2-26_IGHV3-16_IGHV3-72_IGHV1-3_IGHV3-74_TMEM179_IGHD1-1_IGHV4-28_GPR132_IGHD3-22_IGHD4-17_IGHV3-11_CEP170B_IGHD6-19_ZBTB42_IGHJ3_JAG2_IGHD2-2,IGH_TMEM121_AHNAK2_AKT1_MTA1_JAG2_NUDT14,.,.,.,.,.
ICGC_GBM38,X,152503405,152503406,X,152242753,152242754,GERMLINE(0/3261):0.798,UNKNOWN(0/3261),DEL,4,260652,NORMAL,33,0.717,0,UNKNOWN,X:152242754|(15_3_15/25),_,.,.,MAGEA1,-17291,ZNF185,-361382,ZNF275,96208,ATP2B3,279729,PNMA6C_2,.,PNMA3,-13927,ZNF185,-100730,PNMA6D,1243,ATP2B3,540381,.,.,FALSE,3101_3102_3103,MAGEA10_FAM50A_FAM3A_GDI1_ABCD1_MAGEA1_TAZ_LAGE3_RENBP_CETN2_MAGEA4_VAMP7_PNMA6C_ZFP92_SMIM9_TREX2_DNASE1L1_H2AFB3_PNMA6B_VBP1_CLIC2_L1CAM_UBL4A_PNMA3_H2AFB2_GABRQ_PLXNB3_PNMA6D_FATE1_TEX28_RAB39B_BRCC3_F8_PDZD4_ARHGAP4_F8A2_SLC6A8_PNCK_FLNA_BCAP31_EMD_ATP6AP1_GABRE_MAGEA12_ATP2B3_NAA10_TEX28P2_HCFC1_PLXNA3_F8A1_F8A3_CTAG1B_CTAG2_GABRA3_H2AFB1_OPN1MW_G6PD_MECP2_NSDHL_ZNF185_CSAG1_CTAG1A_LCA10_CMC4_PASD1_SPRY3_PNMA5_HAUS7_AVPR2_TMLHE_GAB3_MPP1_MAGEA2_DKC1_BGN_IKBKG_PNMA6A_PRRG3_MAGEA3_TKTL1_RPL10_SRPK3_MAGEA2B_OPN1LW_IL9R_OPN1MW2_FAM58A_MTCP1_TEX28P1_ZNF275_FUNDC2_IRAK1_IDH3G_U82695.9_CNGA2_MAGEA6_TMEM187_DUSP9_SSR4_SLC10A3,G6PD_MECP2_RPL10_ZNF185_FLNA_MIR224_IL9R_FAM58A_PASD1_ATP2B3_MTCP1_SPRY3_L1CAM_HCFC1_PLXNA3_WASH6P_IRAK1_PLXNB3_MAGEA6_BRCC3_F8_DUSP9_IKBKG,(TRUNC)-PNMA6C,.,~ZNF185/~ATP2B3-PNMA6C,~MAGEA1/~ZNF275-~ZNF185/~ATP2B3,~MAGEA1/~ZNF275-PNMA6C
ICGC_GBM12,7,76751263,76751264,7,76751765,76751766,GERMLINE(2/3261):0.500,GERMLINE(1/3261):0.583,DEL,5,502,NORMAL,5,0.417,3,0.273,|7:76751766(1_4_0/0),7:76751264|(2_1_0/0),.,.,UPK3B,-102924,PMS2P11,-106094,CCDC146,488,PTPN12,415329,CCDC146_1,.,UPK3B,-103426,PMS2P11,-106596,FGL2,70923,PTPN12,414827,.,.,FALSE,1402,GSAP_HSPB1_SRRM3_FGL2_POMZP3_SRCRB4D_CCDC146_ZP3_YWHAG_UPK3B_DTX2,PMS2P11_HSPB1_YWHAG_DTX2,(TRUNC)-CCDC146,.,~PMS2P11/~PTPN12-CCDC146,~UPK3B/~CCDC146-~PMS2P11/~PTPN12,~UPK3B/~CCDC146-CCDC146
ICGC_GBM12,19,11034798,11034799,19,11034824,11034825,GERMLINE(0/3261):0.259,SOMATIC(4/3261),DUP,5,26,NORMAL,7,0.171,6,0.188,19:11034825|(2_5_0/0),|19:11034799(5_1_0/0),YIPF2_4,.,CARM1,-1346,CARM1,-1346,C19orf52,4611,SMARCA4,36800,YIPF2_4,.,CARM1,-1372,CARM1,-1372,C19orf52,4585,SMARCA4,36774,SE_48197,SE_48197,TRUE,2764_2765,SLC44A2_CTC-398G3.6_CNN1_ZNF563_NFIX_ZNF791_ZNF653_AP1M2_CALR_CTD-2192J16.22_FARSA_FBXW9_PDE4A_DAND5_SMARCA4_AC011475.1_ICAM4_GADD45GIP1_ZNF700_QTRT1_ZNF136_WDR83OS_JUNB_PRKCSH_CTD-3105H18.14_KANK2_ILF3_ECSIT_ACP5_C19orf80_DNASE2_TNPO2_TMEM205_C19orf43_BEST2_YIPF2_ZNF490_ZNF823_ZNF763_LDLR_ZGLP1_ASNA1_EPOR_KEAP1_ZNF799_ZNF564_ICAM1_RGL3_GCDH_CTD-3105H18.16_ZNF709_ZNF878_CTD-2369P2.12_RAVER1_TRMT1_ZNF440_ELOF1_MAST1_DNM2_HOOK2_C19orf52_ELAVL3_CCDC159_PRDX2_CTD-2192J16.20_ZNF625_ZNF491_WDR83_CTD-2006C1.10_CCDC151_ZNF844_MRPL4_KRI1_TYK2_ZNF443_LYL1_CTD-2369P2.10_ZNF433_RAD23A_DHPS_TMED1_DOCK6_ZNF788_RNASEH2A_ZNF627_CDC37_ZNF44_CTD-3105H18.18_CARM1_S1PR5_RAB3D_CTD-2192J16.24_ZNF69_TSPAN16_FDX1L_ZNF441_ZNF442_MAN2B1_KLF1_C19orf38_DKFZP761J1410_SWSAP1_SPC24_ZNF439_ATG4D_CDKN2D_RTBDN_ICAM3_ZNF20_ZNF625-ZNF20_SYCE2_NACC1_ICAM5,SLC44A2_TNPO2_RNASEH2A_CDC37_DNM2_CARM1_CALR_MIR199A1_ZNF823_ZNF844_SWSAP1_SMARCA4_EPOR_KEAP1_TYK2_JUNB_ATG4D_PRKCSH_ICAM1_CDKN2D_LYL1_ECSIT,.,.,~CARM1/~SMARCA4-YIPF2,YIPF2-~CARM1/~SMARCA4,.
ICGC_GBM32,9,37379199,37379200,9,37383248,37383249,GERMLINE(1/3261):1.000,GERMLINE(1/3261):0.700,DEL,5,4049,NORMAL,38,0.884,31,0.574,|9:37383249(7_8_23/23),9:37379200|(9_4_18/18),.,.,ZCCHC7,-21054,PAX5,-345097,GRHPR,43464,EXOSC3,387776,RP11-397D12.4_2,.,ZCCHC7,-25103,PAX5,-349146,GRHPR,39415,EXOSC3,383727,SE_10435_SE_60393_SE_59786_SE_62847_SE_58334_SE_58819_SE_32486_SE_60990,SE_58819_SE_59786_SE_60393_SE_60990_SE_58334_SE_62847_SE_32486_SE_10435,FALSE,1680,RP11-613M10.8_RNF38_ZBTB5_POLR1E_GRHPR_PAX5_MELK_ZCCHC7_FBXO10,PAX5,(TRUNC)-RP11-397D12.4,.,~PAX5/~EXOSC3-RP11-397D12.4,~ZCCHC7/~GRHPR-~PAX5/~EXOSC3,~ZCCHC7/~GRHPR-RP11-397D12.4
ICGC_GBM32,17,9981335,9981336,17,10416002,10416003,GERMLINE(0/3261):0.543,GERMLINE(0/3261):0.404,DUP,5,434667,NORMAL,33,0.452,36,0.480,17:10416003|(5_8_20/20),|17:9981336(8_5_23/23),GAS7_intron2,GAS7,RCVRN,-172398,NTN1,-834019,AC000003.2,67496,MYH4,365272,MYH1_11,.,MYH4,-43127,MYH4,-43127,MYH2,8463,MYH2,8463,SE_09208_SE_27012,.,FALSE,2594_2595_2596_2597,GAS7_AC000003.2_ADPRM_USP43_MYH13_MYH3_ZNF18_DHRS7C_RCVRN_SCO1_GLP2R_WDR16_MYH2_MYH8_NTN1_MAP2K4_MYH4_PIK3R5_SHISA6_MYH1_PIRT_STX8_PIK3R6_RP11-477N12.3_TMEM220_DNAH9,GAS7_NTN1_MAP2K4_PIK3R6_MYH4_PIK3R5_MYH2_DNAH9,GAS7-MYH1,GAS7-(TRUNC),GAS7-MYH1,GAS7-~MYH4/~MYH2,GAS7-MYH1
ICGC_GBM82,10,14949482,14949483,10,14949514,14949515,GERMLINE(2/3261):0.231,GERMLINE(6/3261):0.268,DUP,5,32,NORMAL,9,0.231,13,0.310,10:14949515|(7_2_0/0),|10:14949483(7_6_0/0),DCLRE1C_19,DCLRE1C,SUV39H2,-3169,SUV39H2,-3169,MEIG1,51956,FAM171A1,304160,DCLRE1C_19,DCLRE1C,SUV39H2,-3201,SUV39H2,-3201,MEIG1,51924,FAM171A1,304128,.,.,FALSE,1789,ACBD7_FAM107B_PRPF18_RP11-295P9.3_OLAH_AL138764.1_HSPA14_FAM171A1_DCLRE1C_CDNF_SEPHS1_PHYH_SUV39H2_RPP38_MEIG1_C10orf111_NMT2_FRMD4A_BEND7,FAM171A1_DCLRE1C_SUV39H2_FRMD4A,.,.,.,.,.
ICGC_GBM82,16,10480453,10480454,16,10480495,10480496,GERMLINE(2/3261):0.298,GERMLINE(5/3261):0.283,DUP,5,42,NORMAL,11,0.275,11,0.268,16:10480496|(5_6_0/0),|16:10480454(6_5_0/0),ATF7IP2_4,.,GRIN2A,-203843,GRIN2A,-203843,EMP2,141826,CIITA,490602,ATF7IP2_4,.,GRIN2A,-203885,GRIN2A,-203885,EMP2,141784,CIITA,490560,.,.,FALSE,2513,DEXI_GRIN2A_CLEC16A_C16orf72_NUBP1_USP7_TEKT5_TVP23A_RP11-297M9.1_ATF7IP2_CIITA_EMP2,GRIN2A_USP7_CIITA,.,.,~GRIN2A/~CIITA-ATF7IP2,ATF7IP2-~GRIN2A/~CIITA,.
ICGC_GBM82,19,52255483,52255484,19,52255510,52255511,GERMLINE(4/3261):0.205,GERMLINE(5/3261):0.161,DEL,5,27,NORMAL,6,0.207,6,0.176,|19:52255511(4_2_0/0),19:52255484|(2_4_0/0),FPR2_1,FPR1,HAS1,-28237,MIR125A,-58892,FPR3,42933,PPP2R1A,437809,FPR2_1,FPR1,HAS1,-28264,MIR125A,-58919,FPR3,42906,PPP2R1A,437782,.,.,TRUE,2805_2806,IGLON5_ZNF610_DPRX_ZNF611_HAS1_FPR2_ZNF320_ZNF649_CLDND2_ZNF615_ERVV-2_ZNF28_SIGLEC12_ZNF880_SIGLEC10_VN1R4_ZNF841_NLRP12_ZNF765_SIGLEC7_ZNF347_ZNF808_VSIG10L_FPR3_FPR1_ZNF701_ZNF528_ZNF616_ZNF480_ZNF468_ZNF578_ZNF813_ZNF677_SIGLEC6_CTD-2616J11.4_ZNF175_CTU1_CD33_SIGLEC14_ZNF836_PPP2R1A_ZNF613_ZNF766_SIGLEC5_SIGLEC8_SIGLEC9_ZNF614_ZNF331_NKG7_CTD-2616J11.11_ZNF845_ZNF83_ZNF534_VN1R2_CTB-167G5.5_BIRC8_ZNF350_LIM2_AC018755.1_ZNF665_SIGLECL1_ZNF600_ERVV-1_ZNF415_ZNF321P_ZNF816_ETFB_ZNF525_ZNF432_ZNF160_ZNF577_CEACAM18,MIR520E_ZNF845_ZNF765_MIR520H_MIR520G_BIRC8_MIRLET7E_MIR125A_FPR1_SIGLEC6_MIR520A_MIR373_MIR520C_PPP2R1A_MIR520B_SIGLEC8_VN1R4_ZNF331,.,.,FPR1-FPR2,FPR2-FPR1,.
ICGC_GBM83,2,31214238,31214239,2,31214268,31214269,GERMLINE(9/3261):0.234,GERMLINE(10/3261):0.268,DUP,5,30,NORMAL,17,0.315,15,0.300,2:31214269|(8_9_0/0),|2:31214239(9_6_0/0),AC009305.1_2,.,CAPN13,-170831,ALK,-1069807,CAPN14,181686,SRD5A2,533312,AC009305.1_2,.,CAPN13,-170861,ALK,-1069837,CAPN14,181656,SRD5A2,533282,.,.,FALSE,289,DPY30_MEMO1_CAPN13_XDH_EHD3_CAPN14_GALNT14,DPY30_SRD5A2,.,.,~ALK/~SRD5A2-AC009305.1,AC009305.1-~ALK/~SRD5A2,.
ICGC_GBM83,6,160627750,160627751,6,160638096,160638097,GERMLINE(9/3261):0.457,GERMLINE(9/3261):0.611,DEL,5,10346,NORMAL,20,0.444,18,0.514,|6:160638097(8_3_9/9),6:160627751|(4_5_9/9),SLC22A2_intron16,SLC22A2,SLC22A1,-48001,SLC22A1,-48001,SLC22A3,141550,SLC22A3,141550,SLC22A2_16,SLC22A2,SLC22A1,-58347,SLC22A1,-58347,SLC22A3,131204,SLC22A3,131204,.,.,FALSE,1311,SLC22A3_IGF2R_LPA_SLC22A1_SLC22A2,SLC22A3_SLC22A1_IGF2R_SLC22A2,SLC22A2_intron16-SLC22A2_16,.,.,.,.
ICGC_GBM83,7,55589503,55589504,7,55589562,55589563,GERMLINE(9/3261):0.390,GERMLINE(10/3261):0.388,DEL,5,59,NORMAL,22,0.478,22,0.458,|7:55589563(11_11_0/0),7:55589504|(12_10_0/0),VOPP1_12,.,LANCL2,-88069,LANCL2,-88069,SEPT14,271734,PHKG1,558937,VOPP1_12,.,LANCL2,-88128,LANCL2,-88128,SEPT14,271675,PHKG1,558878,SE_51618_SE_43517_SE_24438_SE_52738_SE_50358_SE_32496_SE_48387_SE_30979_SE_11011_SE_58817_SE_61015_SE_62366_SE_58327_SE_10345_SE_18650,SE_58817_SE_32496_SE_52738_SE_50358_SE_43517_SE_62366_SE_10345_SE_48387_SE_61015_SE_18650_SE_30979_SE_11011_SE_24438_SE_58327_SE_51618,TRUE,1380,SEC61G_VOPP1_EGFR_LANCL2,EGFR_LANCL2,.,.,~LANCL2/~PHKG1-VOPP1,VOPP1-~LANCL2/~PHKG1,.
ICGC_GBM83,7,56019797,56019798,7,56019801,56019802,GERMLINE(10/3261):0.550,GERMLINE(9/3261):0.500,DEL,5,4,NORMAL,10,0.385,10,0.400,|7:56019802(7_3_0/0),7:56019798|(8_2_0/0),MRPS17_8,.,ZNF713,-9880,LANCL2,-518363,PSPH,58947,PHKG1,128643,MRPS17_8,.,ZNF713,-9884,LANCL2,-518367,PSPH,58943,PHKG1,128639,.,.,FALSE,1381,SUMF2_SEPT14_NUPR1L_MRPS17_PHKG1_ZNF713_GBAS_CHCHD2_PSPH_CCT6A,PHKG1,.,.,~LANCL2/~PHKG1-MRPS17,MRPS17-~LANCL2/~PHKG1,.
ICGC_GBM83,8,110071638,110071639,4,6955058,6955059,GERMLINE(7/3261):0.333,UNKNOWN(0/3261),TRA,4,NA,NORMAL,21,0.447,0,UNKNOWN,|4:6955059(5_10_6/16),_,.,.,TMEM74,-271795,EIF3E,-624077,TRHR,27212,ENY2,274915,AC092463.1_1,.,KIAA0232,-69162,PPP2R2C,-389732,CCDC96,87521,TADA2B,88568,SE_59700,SE_31576_SE_27664_SE_28549_SE_43280_SE_01116_SE_50164_SE_24085_SE_23500,FALSE,1604_1605_1606_739_740_741,SYBU_HMX1_NUDCD1_PPP2R2C_CCDC96_PSAPL1_ENY2_MRFAP1L1_PKHD1L1_TMEM74_SH3TC1_TBC1D14_HTRA3_AC093323.1_AFAP1_ACOX3_ABLIM2_SORCS2_JAKMIP1_CPZ_EIF3E_MAN2B2_RSPO2_TRHR_TADA2B_MRFAP1_AC097381.1_RP11-422N16.3_GRPEL1_TRMT44_GPR78_EBAG9_BLOC1S4_KIAA0232_EMC2_WFS1_S100P,RSPO2_TADA2B_ABLIM2_PPP2R2C_SORCS2_ENY2_EIF3E_PKHD1L1,(TRUNC)-AC092463.1,.,~EIF3E/~ENY2-AC092463.1,~TMEM74/~TRHR-~PPP2R2C/~TADA2B,~TMEM74/~TRHR-AC092463.1
ICGC_GBM83,9,115631417,115631418,9,115631433,115631434,GERMLINE(6/3261):0.532,GERMLINE(5/3261):0.587,DEL,5,16,NORMAL,11,0.282,9,0.231,|9:115631434(8_3_0/0),9:115631418|(7_2_0/0),SNX30_11,.,INIP,-150902,GNG10,-1198892,SLC46A2,9783,CDC26,386698,SNX30_11,.,INIP,-150918,GNG10,-1198908,SLC46A2,9767,CDC26,386682,SE_09411,SE_09411,TRUE,1745,C9orf147_FKBP15_PTBP3_ZNF483_PTGR1_PRPF4_SUSD1_DNAJC25-GNG10_SNX30_HSDL2_KIAA1958_SLC31A2_SLC46A2_C9orf84_INIP_SLC31A1_GNG10_UGCG_KIAA0368_DNAJC25_CDC26_ZFP37,GNG10_CDC26,.,.,~GNG10/~CDC26-SNX30,SNX30-~GNG10/~CDC26,.
ICGC_GBM83,11,46402801,46402802,11,46402824,46402825,GERMLINE(2/3261):0.414,GERMLINE(2/3261):0.439,DEL,5,23,NORMAL,11,0.344,12,0.286,|11:46402825(7_4_0/0),11:46402802|(6_6_0/0),MDK_1,.,DGKZ,-698,DGKZ,-698,CHRM4,3839,ATG13,236025,MDK_1,.,DGKZ,-721,DGKZ,-721,CHRM4,3816,ATG13,236002,SE_42860_SE_06243,SE_06243_SE_42860,FALSE,1968_1969,PTPRJ_NR1H3_DGKZ_ATG13_PEX16_MTCH2_FNBP4_GYLTL1B_C11orf49_DDB2_SLC39A13_SPI1_OR4B1_ARHGAP1_C11orf94_CREB3L1_PACSIN3_CKAP5_HARBI1_MAPK8IP1_ACP2_ARFGAP2_RAPSN_PTPMT1_MYBPC3_F2_NUP160_FAM180B_CELF1_MADD_C1QTNF4_ZNF408_CRY2_CHRM4_PHF21A_AGBL2_AMBRA1_MDK_KBTBD4_NDUFS3_LRP4_PSMC3,CREB3L1_PTPRJ_DDB2_PHF21A_DGKZ_SPI1_ATG13_MAPK8IP1_FNBP4,.,.,~DGKZ/~ATG13-MDK,MDK-~DGKZ/~ATG13,.
ICGC_GBM83,17,3627400,3627401,17,3627426,3627427,GERMLINE(5/3261):0.364,GERMLINE(6/3261):0.415,DEL,5,26,NORMAL,11,0.297,10,0.312,|17:3627427(3_8_0/0),17:3627401|(7_3_0/0),GSG2_1,GSG2,P2RX5,-27703,RPA1,-1824025,C17orf85,87060,ZZEF1,280339,GSG2_1,GSG2,P2RX5,-27729,RPA1,-1824051,C17orf85,87034,ZZEF1,280313,SE_25546,SE_25546,FALSE,2588,P2RX5_OR1E2_OR1A1_PAFAH1B1_OR3A2_CLUH_TRPV3_ITGAE_OR1D2_OR1D5_CTNS_OR3A3_GSG2_C17orf85_SHPK_ASPA_TAX1BP3_EMC6_P2RX5-TAX1BP3_RAP1GAP2_OR1A2_OR1G1_OR3A1_TRPV1_OR1E1_SPATA22,GSG2,.,.,.,.,.
ICGC_GBM83,17,29058772,29058773,17,30264093,30264094,GERMLINE(4/3261):0.582,UNKNOWN(0/3261),DUP,4,1205321,NORMAL,16,0.372,0,UNKNOWN,17:30264094|(8_3_5/6),_,.,.,TBC1D29,-168262,MIR423,-614583,CRLF3,37634,NF1,363173,SUZ12_1,SUZ12,UTP6,-35310,NF1,-554960,LRRC37B,70798,RHOT1,205380,.,.,FALSE,2613_2614_2615_2616_2617,UTP6_ATAD5_EVI2B_SSH2_GIT1_NSRP1_TMIGD1_RHOT1_AC090616.2_BLMH_CTD-2370N5.3_ANKRD13B_MYO18A_TAOK1_TP53I13_TMEM98_CORO6_PSMD11_CDK5R1_AC003101.1_TEFM_ZNF207_NUFIP2_SUZ12_TBC1D29_EVI2A_MYO1D_RNF135_RHBDL3_RAB11FIP4_CRLF3_CPD_C17orf75_LRRC37B_EFCAB5_COPRS_CRYBA1_OMG_ADAP2_PIPOX_TIAF1_AC116407.2_GOSR1_SLC6A4_ABHD15_SPACA3_NF1_SEZ6,PSMD11_SUZ12_RHOT1_MIR423_NF1_TAOK1_SSH2,(TRUNC)-SUZ12,(TRUNC)-SUZ12,~MIR423/~NF1-SUZ12,~TBC1D29/~CRLF3-SUZ12,~TBC1D29/~CRLF3-SUZ12
ICGC_GBM83,17,66470166,66470167,12,42793982,42793983,GERMLINE(7/3261):0.412,UNKNOWN(0/3261),TRA,4,NA,NORMAL,13,0.419,0,UNKNOWN,|12:42793983(7_3_3/8),_,.,.,WIPI1,-16513,BPTF,-489673,PRKAR1A,37755,PRKAR1A,37755,PPHLN1_18,.,ZCRB1,-74063,YAF2,-161832,PRICKLE1,58158,PRICKLE1,58158,SE_61217_SE_41345_SE_51327_SE_58570_SE_30790_SE_43024,.,FALSE,2657_2658_2659_2115_2116_2117_2118,ABCA5_ABCA8_FAM20A_IRAK4_PRKAR1A_C17orf58_AMZ2_LRRK2_PUS7L_TWF1_AC020629.1_PITPNC1_AC079210.1_YAF2_BPTF_ZCRB1_CNTN1_DBX2_NELL2_PDZRN4_ADAMTS20_KPNA2_PPHLN1_ABCA10_NOL11_WIPI1_PSMD12_ABCA6_TMEM117_ARSG_GXYLT1_PRICKLE1_SLC16A6_MAP2K6_ABCA9_MUC19,ABCA10_GXYLT1_PRICKLE1_YAF2_BPTF_MAP2K6_PRKAR1A_CNTN1_IRAK4_LRRK2_ADAMTS20,(TRUNC)-PPHLN1,.,~BPTF/~PRKAR1A-PPHLN1,~WIPI1/~PRKAR1A-~YAF2/~PRICKLE1,~WIPI1/~PRKAR1A-PPHLN1
ICGC_GBM83,19,21155018,21155019,19,21155115,21155116,GERMLINE(3/3261):0.216,GERMLINE(0/3261):0.179,DUP,3,97,NORMAL,5,0.128,5,0.096,19:21155116|(5_0_0/0),_,.,.,ZNF85,-21516,LPAR2,-1415280,ZNF430,48408,ZNF208,960742,CTD-2542C24.8_1,.,ZNF85,-21613,LPAR2,-1415377,ZNF430,48311,ZNF208,960645,.,.,FALSE,2774,GATAD2A_ZNF626_CTC-260F20.3_ATP13A1_ZNF431_ZNF93_ZNF430_ZNF486_AC007204.1_LPAR2_GMIP_NDUFA13_ZNF101_ZNF708_ZNF682_YJEFN3_ZNF14_ZNF506_CILP2_PBX4_ZNF253_ZNF737_ZNF85_TSSK6_ZNF714_ZNF66_ZNF90,GATAD2A_TSSK6_LPAR2,(TRUNC)-CTD-2542C24.8,.,~LPAR2/~ZNF208-CTD-2542C24.8,~ZNF85/~ZNF430-~LPAR2/~ZNF208,~ZNF85/~ZNF430-CTD-2542C24.8
ICGC_GBM62,1,68591644,68591645,1,68591668,68591669,GERMLINE(1/3261):0.270,GERMLINE(6/3261):0.216,DUP,5,24,NORMAL,14,0.318,10,0.238,1:68591669|(11_3_0/0),|1:68591645(9_1_0/0),WLS_20,.,DIRAS3,-74331,GNG12,-292495,RPE65,302861,LRRC7,1442437,WLS_20,.,DIRAS3,-74355,GNG12,-292519,RPE65,302837,LRRC7,1442413,.,.,FALSE,77,WLS_DIRAS3_RPE65_DEPDC1,.,.,.,~GNG12/~LRRC7-WLS,WLS-~GNG12/~LRRC7,.
ICGC_GBM62,5,117858316,117858317,5,117858347,117858348,GERMLINE(3/3261):0.290,GERMLINE(1/3261):0.231,DUP,5,31,NORMAL,19,0.576,9,0.167,5:117858348|(18_1_0/0),|5:117858317(4_5_0/0),CTD-2281M20.1_6,.,SEMA6A,-1947687,SEMA6A,-1947687,DTWD2,314701,DMXL1,515151,CTD-2281M20.1_6,.,SEMA6A,-1947718,SEMA6A,-1947718,DTWD2,314670,DMXL1,515120,.,.,FALSE,1070,DTWD2,.,.,.,~SEMA6A/~DMXL1-CTD-2281M20.1,CTD-2281M20.1-~SEMA6A/~DMXL1,.
ICGC_GBM62,5,140596633,140596634,5,140596664,140596665,GERMLINE(4/3261):0.375,GERMLINE(4/3261):0.200,DEL,5,31,NORMAL,6,0.261,6,0.188,|5:140596665(4_2_0/0),5:140596634|(3_3_0/0),PCDHB13_1,.,PCDHB12,-4938,PCDHB10,-21419,PCDHB14,6298,TAF7,101424,PCDHB13_1,.,PCDHB12,-4969,PCDHB10,-21450,PCDHB14,6267,TAF7,101393,.,.,FALSE,1095,PCDHGC5_HDAC3_HARS2_PCDHB13_ZMAT2_WDR55_PCDHGA4_RELL2_PCDHGA9_PCDHGB2_PCDHA12_DIAPH1_PCDHGB6_PCDHA13_DND1_PCDHA9_PCDHA7_PCDHB14_PCDHGA6_SLC25A2_PCDHGB4_PCDHGA11_PCDHA1_PCDHB16_PCDHB4_PCDHB3_HARS_PCDHB7_PCDHB11_PCDHGC3_PCDHGA3_PCDHGB7_PCDHA5_PCDHA3_PCDHB2_PCDHAC1_PCDHA11_PCDHAC2_PCDHA6_PCDHB12_PCDHGB3_PCDHA8_PCDHGA10_PCDHA2_PCDHB17_FCHSD1_PCDHGA5_AC005609.1_PCDHGA2_PCDHGA7_PCDHGA1_PCDHGA8_PCDHA10_PCDHGC4_PCDHGA12_TAF7_PCDHA4_ARAP3_IK_PCDHB6_PCDHB15_PCDHB1_PCDHGB1_PCDHB10_PCDHB8_PCDHB5,PCDHA1_HDAC3_PCDHA10_TAF7_DIAPH1_PCDHA13_ARAP3_DND1_PCDHB6_PCDHB8_PCDHB10_PCDHGC5,.,.,~PCDHB10/~TAF7-PCDHB13,PCDHB13-~PCDHB10/~TAF7,.
ICGC_GBM62,6,160627750,160627751,6,160638096,160638097,GERMLINE(9/3261):0.619,GERMLINE(9/3261):0.673,DEL,5,10346,NORMAL,35,0.673,45,0.616,|6:160638097(9_5_21/21),6:160627751|(7_8_30/30),SLC22A2_intron16,SLC22A2,SLC22A1,-48001,SLC22A1,-48001,SLC22A3,141550,SLC22A3,141550,SLC22A2_16,SLC22A2,SLC22A1,-58347,SLC22A1,-58347,SLC22A3,131204,SLC22A3,131204,.,.,FALSE,1311,SLC22A1_SLC22A2_LPA_SLC22A3_IGF2R,SLC22A1_SLC22A2_SLC22A3_IGF2R,SLC22A2_intron16-SLC22A2_16,.,.,.,.
ICGC_GBM62,8,145701277,145701278,8,145739351,145739352,GERMLINE(1/3261):0.561,GERMLINE(1/3261):0.365,DUP,5,38074,NORMAL,24,0.585,22,0.489,8:145739352|(3_2_19/20),|8:145701278(4_3_15/16),FOXH1_1,.,KIFC2,-1693,TONSL,-31451,PPP1R16A,2075,RECQL4,35390,RECQL4_11,RECQL4,MFSD3,-2756,TONSL,-69525,LRRC14,4025,.,-1,.,SE_41712,FALSE,1645,HSF1_FAM203B_FAM203A_MAFA_CYHR1_GSDMD_GPIHBP1_LYPD2_C8orf33_SLC52A2_CPSF1_TSTA3_EXOSC4_MROH1_CCDC166_SCXB_GPAA1_ZNF696_GRINA_OPLAH_RECQL4_C8orf82_FBXL6_ZNF707_C8orf31_PPP1R16A_EPPK1_SLURP1_ZNF517_SLC39A4_MAF1_NAPRT1_PARP10_GLI4_RHPN1_LRRC14_LY6E_MROH6_BOP1_DGAT1_LY6K_FAM83H_TMEM249_ZNF251_LY6H_LRRC24_ZNF34_ARHGAP39_PLEC_COMMD5_ZC3H3_LYNX1_RPL8_THEM6_NRBP2_LY6D_CYP11B1_ZNF16_SPATC1_SHARPIN_SCXA_ADCK5_KIFC2_PSCA_VPS28_ZFP41_TOP1MT_PYCRL_ZNF623_CYC1_PUF60_KM-PA-2_RP11-520P18.5_ZNF250_EEF1D_MFSD3_CYP11B2_GML_FOXH1_TIGD5_MAPK15_KIAA1875_ZNF7_TONSL_SCRT1_SCRIB_GPT,EPPK1_SLURP1_RECQL4_MAFA_TONSL_GML_SCRIB_EXOSC4,FOXH1-RECQL4,(TRUNC)-RECQL4,~TONSL/~RECQL4-RECQL4,FOXH1-RECQL4,FOXH1-RECQL4
ICGC_GBM62,16,48710429,48710430,16,48710489,48710490,GERMLINE(7/3261):0.438,GERMLINE(1/3261):0.607,DEL,5,60,NORMAL,13,0.542,16,0.593,|16:48710490(9_4_0/0),16:48710430|(10_6_0/0),RP11-42I10.1_4,.,N4BP1,-56371,SIAH1,-228117,CBLN1,601399,ADCY7,1569619,RP11-42I10.1_4,.,N4BP1,-56431,SIAH1,-228177,CBLN1,601339,ADCY7,1569559,.,.,FALSE,2544_2545,N4BP1_SIAH1_LONP2_C16orf78_ZNF423_CBLN1_ABCC11,SIAH1,.,.,~SIAH1/~ADCY7-RP11-42I10.1,RP11-42I10.1-~SIAH1/~ADCY7,.
ICGC_GBM27,18,54269815,54269816,18,54269912,54269913,GERMLINE(5/3261):0.414,SOMATIC(5/3261),DUP,5,97,NORMAL,9,0.250,11,0.289,18:54269913|(5_4_0/0),|18:54269816(5_6_0/0),TXNL1_13,.,TCF4,-937798,TCF4,-937798,WDR7,48759,ONECUT2,833102,TXNL1_13,.,TCF4,-937895,TCF4,-937895,WDR7,48662,ONECUT2,833005,.,.,FALSE,2728,TCF4_WDR7_TXNL1,TCF4,.,.,~TCF4/~ONECUT2-TXNL1,TXNL1-~TCF4/~ONECUT2,.
ICGC_GBM34,3,39851209,39851210,3,39851227,39851228,GERMLINE(0/3261):0.290,GERMLINE(2/3261):0.242,DEL,5,18,NORMAL,13,0.265,14,0.241,|3:39851228(11_2_0/0),3:39851210|(3_11_0/0),MYRIP_2,.,MOBP,-280240,CCR8,-476039,EIF1B,499966,CTNNB1,1385119,MYRIP_2,.,MOBP,-280258,CCR8,-476057,EIF1B,499948,CTNNB1,1385101,.,.,TRUE,561,SLC25A38_EIF1B_MOBP_MYRIP_RPSA,.,.,.,~CCR8/~CTNNB1-MYRIP,MYRIP-~CCR8/~CTNNB1,.
ICGC_GBM34,20,62526524,62526525,20,62526544,62526545,SOMATIC(0/3261),GERMLINE(2/3261):0.133,DUP,5,20,NORMAL,4,0.111,6,0.158,20:62526545|(3_1_0/0),|20:62526525(4_2_0/0),DNAJC5_1,.,TPD52L2,-3627,ZGPAT,-159031,UCKL1,44662,MYT1,256620,DNAJC5_1,.,TPD52L2,-3647,ZGPAT,-159051,UCKL1,44642,MYT1,256600,SE_41741_SE_53209,SE_41741_SE_53209,FALSE,2874,SLC2A4RG_UCKL1_TCFL5_ZBTB46_C20orf166_CABLES2_ADRM1_KCNQ2_C20orf195_TPD52L2_NKAIN4_SLC17A9_BHLHE23_AL118506.1_LIME1_TCEA2_RTEL1-TNFRSF6B_RTEL1_COL9A3_OPRL1_NPBWR2_NTSR1_SS18L1_STMN3_SAMD10_GMEB2_LSM14B_PPDPF_OGFR_YTHDF1_SRMS_MYT1_HELZ2_HRH3_ZNF512B_OSBPL2_DNAJC5_BIRC7_LAMA5_SLCO4A1_RP4-583P15.15_MTG2_TAF4_PSMA7_ARFRP1_C20orf201_MRGBP_GID8_TNFRSF6B_ZGPAT_C20ORF135_PCMTD2_EEF1A2_RPS21_SOX18_RP11-93B14.6_ABHD16B_ARFGAP1_RP4-583P15.14_GATA5_PTK6_RGS19_RBBP8NL_DIDO1_COL20A1_PRPF6_CHRNA4_AL158091.1,BIRC7_MIR124-3_MIR133A2_LAMA5_RTEL1_TAF4_ARFGAP1_SS18L1_COL9A3_MIR1-1_PTK6_OGFR_MRGBP_HELZ2_MYT1_ZGPAT_EEF1A2_RTEL1-TNFRSF6B,.,.,~ZGPAT/~MYT1-DNAJC5,DNAJC5-~ZGPAT/~MYT1,.
ICGC_GBM36,4,38802188,38802189,4,38802242,38802243,GERMLINE(5/3261):0.368,GERMLINE(5/3261):0.375,DEL,5,54,NORMAL,19,0.500,17,0.486,|4:38802243(8_11_0/0),4:38802189|(10_7_0/0),TLR1_5,TLR1,TLR10,-17578,KLF3,-99526,TLR6,23148,TLR6,23148,TLR1_5,TLR1,TLR10,-17632,KLF3,-99580,TLR6,23094,TLR6,23094,SE_09514,SE_09514,FALSE,771,C4orf19_KLF3_AC021860.1_PTTG2_TLR10_TBC1D1_TLR1_PGM2_TLR6_RELL1_FAM114A1,TLR1_KLF3_PTTG2_TLR6,.,.,.,.,.
